SK_ID_CURR,NAME_CONTRACT_TYPE,CODE_GENDER,FLAG_OWN_CAR,FLAG_OWN_REALTY,CNT_CHILDREN,AMT_INCOME_TOTAL,AMT_CREDIT,AMT_ANNUITY,AMT_GOODS_PRICE,NAME_TYPE_SUITE,NAME_INCOME_TYPE,NAME_EDUCATION_TYPE,NAME_FAMILY_STATUS,NAME_HOUSING_TYPE,REGION_POPULATION_RELATIVE,DAYS_BIRTH,DAYS_EMPLOYED,DAYS_REGISTRATION,DAYS_ID_PUBLISH,OWN_CAR_AGE,FLAG_MOBIL,FLAG_EMP_PHONE,FLAG_WORK_PHONE,FLAG_CONT_MOBILE,FLAG_PHONE,FLAG_EMAIL,OCCUPATION_TYPE,CNT_FAM_MEMBERS,REGION_RATING_CLIENT,REGION_RATING_CLIENT_W_CITY,WEEKDAY_APPR_PROCESS_START,HOUR_APPR_PROCESS_START,REG_REGION_NOT_LIVE_REGION,REG_REGION_NOT_WORK_REGION,LIVE_REGION_NOT_WORK_REGION,REG_CITY_NOT_LIVE_CITY,REG_CITY_NOT_WORK_CITY,LIVE_CITY_NOT_WORK_CITY,ORGANIZATION_TYPE,EXT_SOURCE_1,EXT_SOURCE_2,EXT_SOURCE_3,APARTMENTS_AVG,BASEMENTAREA_AVG,YEARS_BEGINEXPLUATATION_AVG,YEARS_BUILD_AVG,COMMONAREA_AVG,ELEVATORS_AVG,ENTRANCES_AVG,FLOORSMAX_AVG,FLOORSMIN_AVG,LANDAREA_AVG,LIVINGAPARTMENTS_AVG,LIVINGAREA_AVG,NONLIVINGAPARTMENTS_AVG,NONLIVINGAREA_AVG,APARTMENTS_MODE,BASEMENTAREA_MODE,YEARS_BEGINEXPLUATATION_MODE,YEARS_BUILD_MODE,COMMONAREA_MODE,ELEVATORS_MODE,ENTRANCES_MODE,FLOORSMAX_MODE,FLOORSMIN_MODE,LANDAREA_MODE,LIVINGAPARTMENTS_MODE,LIVINGAREA_MODE,NONLIVINGAPARTMENTS_MODE,NONLIVINGAREA_MODE,APARTMENTS_MEDI,BASEMENTAREA_MEDI,YEARS_BEGINEXPLUATATION_MEDI,YEARS_BUILD_MEDI,COMMONAREA_MEDI,ELEVATORS_MEDI,ENTRANCES_MEDI,FLOORSMAX_MEDI,FLOORSMIN_MEDI,LANDAREA_MEDI,LIVINGAPARTMENTS_MEDI,LIVINGAREA_MEDI,NONLIVINGAPARTMENTS_MEDI,NONLIVINGAREA_MEDI,FONDKAPREMONT_MODE,HOUSETYPE_MODE,TOTALAREA_MODE,WALLSMATERIAL_MODE,EMERGENCYSTATE_MODE,OBS_30_CNT_SOCIAL_CIRCLE,DEF_30_CNT_SOCIAL_CIRCLE,OBS_60_CNT_SOCIAL_CIRCLE,DEF_60_CNT_SOCIAL_CIRCLE,DAYS_LAST_PHONE_CHANGE,FLAG_DOCUMENT_2,FLAG_DOCUMENT_3,FLAG_DOCUMENT_4,FLAG_DOCUMENT_5,FLAG_DOCUMENT_6,FLAG_DOCUMENT_7,FLAG_DOCUMENT_8,FLAG_DOCUMENT_9,FLAG_DOCUMENT_10,FLAG_DOCUMENT_11,FLAG_DOCUMENT_12,FLAG_DOCUMENT_13,FLAG_DOCUMENT_14,FLAG_DOCUMENT_15,FLAG_DOCUMENT_16,FLAG_DOCUMENT_17,FLAG_DOCUMENT_18,FLAG_DOCUMENT_19,FLAG_DOCUMENT_20,FLAG_DOCUMENT_21,AMT_REQ_CREDIT_BUREAU_HOUR,AMT_REQ_CREDIT_BUREAU_DAY,AMT_REQ_CREDIT_BUREAU_WEEK,AMT_REQ_CREDIT_BUREAU_MON,AMT_REQ_CREDIT_BUREAU_QRT,AMT_REQ_CREDIT_BUREAU_YEAR,CREDIT_INCOME_PERCENT,ANNUITY_INCOME_PERCENT,CREDIT_TERM,DAYS_EMPLOYED_PERCENT,NB_PREVIOUS_APPLICATION,APPROVED_RATE_PREVIOUS
152876,Cash loans,M,N,Y,0,135000.0,550980.0,43659.0,450000.0,Unaccompanied,Commercial associate,Secondary / secondary special,Married,House / apartment,0.018801,12989,-324,-6989.0,-2520,,1,1,0,1,0,0,,2.0,2,2,THURSDAY,14,0,0,0,0,0,0,Business Entity Type 2,,0.45550999214428,0.1547436312725944,0.1969,1.0,0.9831,0.7688,,0.2,0.1724,0.3333,0.375,,,0.1911,,,0.2006,1.0,0.9831,0.7779,,0.2014,0.1724,0.3333,0.375,,,0.1991,,,0.1988,1.0,0.9831,0.7719,,0.2,0.1724,0.3333,0.375,,,0.1945,,,reg oper account,block of flats,0.2411,Panel,No,0.0,0.0,0.0,0.0,-885.0,0,1,0,0,0,0,0,0,0,0,0,0,0,0,0,0,0,0,0,0,0.0,0.0,0.0,0.0,1.0,1.0,4.081333333333333,0.3234,0.07923881084612872,-0.024944183539918393,5.0,0.5
386077,Cash loans,F,Y,Y,0,252000.0,577147.5,29596.5,459000.0,Unaccompanied,Pensioner,Higher education,Married,House / apartment,0.016612,20422,365243,-14356.0,-3790,11.0,1,0,0,1,0,0,,2.0,2,2,MONDAY,10,0,0,0,0,0,0,XNA,0.4100109152876089,0.3191686763424829,0.1419915427739129,0.0649,0.087,0.9583,0.4288,0.0904,0.0,0.2414,0.125,0.1667,0.0911,0.0496,0.0723,0.0154,0.0364,0.0662,0.0903,0.9583,0.4512,0.0912,0.0,0.2414,0.125,0.1667,0.0932,0.0542,0.0753,0.0156,0.0386,0.0656,0.087,0.9583,0.4364,0.091,0.0,0.2414,0.125,0.1667,0.0927,0.0504,0.0736,0.0155,0.0372,reg oper spec account,block of flats,0.1142,"Stone, brick",No,4.0,0.0,4.0,0.0,0.0,0,1,0,0,0,0,0,0,0,0,0,0,0,0,0,0,0,0,0,0,0.0,0.0,0.0,0.0,0.0,3.0,2.290267857142857,0.11744642857142858,0.05128065182643952,17.884781118401722,4.0,1.0
251197,Cash loans,M,Y,Y,0,225000.0,432990.0,34339.5,382500.0,Unaccompanied,Pensioner,Secondary / secondary special,Married,House / apartment,0.022625,19757,365243,-11803.0,-3298,2.0,1,0,0,1,1,0,,2.0,2,2,THURSDAY,10,0,0,0,0,0,0,XNA,0.5273514555904849,0.6102697039845575,0.2881295999178507,,,,,,,,,,,,,,,,,,,,,,,,,,,,,,,,,,,,,,,,,,,,,,,,0.0,0.0,0.0,0.0,-3439.0,0,0,0,0,0,0,1,0,0,0,0,0,0,0,0,0,0,0,0,0,0.0,0.0,0.0,0.0,0.0,0.0,1.9244,0.15262,0.07930783620868842,18.486764184845878,3.0,1.0
334343,Cash loans,F,N,N,1,184500.0,573408.0,27715.5,495000.0,Unaccompanied,Working,Secondary / secondary special,Separated,House / apartment,0.006233,11767,-543,-5441.0,-3971,,1,1,1,1,1,0,Sales staff,2.0,2,2,TUESDAY,13,0,0,0,0,0,0,Self-employed,0.196198298481844,0.6166114452962421,,0.1237,0.1305,0.9876,,,0.0,0.4138,0.1667,,0.0325,,0.1375,,,0.1261,0.1354,0.9876,,,0.0,0.4138,0.1667,,0.0332,,0.1432,,,0.1249,0.1305,0.9876,,,0.0,0.4138,0.1667,,0.0331,,0.1399,,,,block of flats,0.1081,Panel,No,0.0,0.0,0.0,0.0,-1755.0,0,1,0,0,0,0,0,0,0,0,0,0,0,0,0,0,0,0,0,0,,,,,,,3.1079024390243903,0.15021951219512195,0.04833469362129583,-0.046146001529701705,5.0,1.0
378055,Cash loans,F,N,N,0,225000.0,495351.0,35356.5,459000.0,Unaccompanied,Working,Secondary / secondary special,Single / not married,House / apartment,0.031329,18603,-620,-6320.0,-2157,,1,1,0,1,0,0,Sales staff,1.0,2,2,THURSDAY,10,0,0,0,0,0,0,Self-employed,,0.6444169456524449,0.6413682574954046,0.0412,0.0148,0.9727,0.626,0.0034,0.0,0.069,0.1667,0.2083,0.0344,0.0336,0.0313,0.0,0.0,0.042,0.0,0.9722,0.6341,0.003,0.0,0.069,0.1667,0.2083,0.0084,0.0367,0.0325,0.0,0.0,0.0416,0.0148,0.9727,0.631,0.0034,0.0,0.069,0.1667,0.2083,0.035,0.0342,0.0319,0.0,0.0,reg oper account,block of flats,0.0245,Block,No,0.0,0.0,0.0,0.0,-982.0,0,1,0,0,0,0,0,0,0,0,0,0,0,0,0,0,0,0,0,0,0.0,0.0,0.0,0.0,0.0,5.0,2.20156,0.15714,0.07137666018641327,-0.03332795785625974,8.0,1.0
448224,Cash loans,M,Y,Y,0,135000.0,450000.0,24543.0,450000.0,Unaccompanied,Commercial associate,Higher education,Single / not married,House / apartment,0.0145199999999999,9476,-916,-4147.0,-2145,19.0,1,1,0,1,0,0,Sales staff,1.0,2,2,FRIDAY,13,0,0,0,0,0,0,Trade: type 3,0.0695463894484924,0.6119535050288513,0.2225807646753351,,,,,,,,,,,,,,,,,,,,,,,,,,,,,,,,,,,,,,,,,,,,,,,,0.0,0.0,0.0,0.0,-805.0,0,1,0,0,0,0,0,0,0,0,0,0,0,0,0,0,0,0,0,0,0.0,0.0,0.0,0.0,1.0,2.0,3.3333333333333335,0.1818,0.05454,-0.0966652596032081,2.0,1.0
412764,Cash loans,F,N,Y,0,126000.0,360000.0,17446.5,360000.0,Unaccompanied,Commercial associate,Secondary / secondary special,Single / not married,House / apartment,0.0145199999999999,14779,-5374,-1305.0,-4159,,1,1,0,1,0,0,Accountants,1.0,2,2,FRIDAY,8,0,0,0,0,0,0,Government,0.4069161349276376,0.3293355389739838,0.6023863442690867,,,,,,,,,,,,,,,,,,,,,,,,,,,,,,,,,,,,,,,,,,,,,,,,3.0,0.0,3.0,0.0,-3470.0,0,1,0,0,0,0,0,0,0,0,0,0,0,0,0,0,0,0,0,0,0.0,0.0,0.0,0.0,0.0,0.0,2.857142857142857,0.1384642857142857,0.0484625,-0.3636240611678733,,
102445,Cash loans,M,Y,N,0,81000.0,161595.0,17095.5,139500.0,Unaccompanied,Working,Secondary / secondary special,Married,With parents,0.002134,10265,-1284,-1435.0,-2890,12.0,1,1,0,1,0,0,Drivers,2.0,3,3,FRIDAY,8,0,0,0,0,0,0,Security Ministries,,0.4326407768638117,0.2866524828090694,,,,,,,,,,,,,,,,,,,,,,,,,,,,,,,,,,,,,,,,,,,,,,,,0.0,0.0,0.0,0.0,-873.0,0,1,0,0,0,0,0,0,0,0,0,0,0,0,0,0,0,0,0,0,0.0,0.0,0.0,0.0,1.0,3.0,1.995,0.21105555555555555,0.10579225842383737,-0.1250852411105699,3.0,1.0
209393,Cash loans,F,N,N,0,157500.0,248760.0,24601.5,225000.0,Unaccompanied,Pensioner,Higher education,Separated,House / apartment,0.022625,22949,365243,-1129.0,-3470,,1,0,0,1,0,0,,1.0,2,2,SATURDAY,20,0,0,0,0,0,0,XNA,,0.4946827945771458,0.746300213050371,,,,,,,,,,,,,,,,,,,,,,,,,,,,,,,,,,,,,,,,,,,,,,,,2.0,0.0,2.0,0.0,-2051.0,0,0,0,0,1,0,0,0,0,0,0,0,0,0,0,0,0,0,0,0,0.0,0.0,0.0,0.0,1.0,4.0,1.5794285714285714,0.1562,0.09889652677279305,15.91542115124842,3.0,1.0
417995,Cash loans,F,N,Y,0,67500.0,135000.0,13963.5,135000.0,,Pensioner,Secondary / secondary special,Married,House / apartment,0.01885,24084,365243,-10715.0,-4836,,1,0,0,1,1,0,,2.0,2,2,MONDAY,10,0,0,0,0,0,0,XNA,0.4221852631358161,0.7105023064381767,0.7503751495159068,,,,,,,,,,,,,,,,,,,,,,,,,,,,,,,,,,,,,,,,,,,,,,,,0.0,0.0,0.0,0.0,-2438.0,0,1,0,0,0,0,0,0,0,0,0,0,0,0,0,0,0,0,0,0,0.0,0.0,0.0,0.0,0.0,4.0,2.0,0.20686666666666667,0.10343333333333334,15.165379505065603,6.0,1.0
115777,Cash loans,F,N,Y,0,157500.0,566788.5,56191.5,522000.0,Unaccompanied,Commercial associate,Secondary / secondary special,Married,House / apartment,0.032561,20635,-4605,-273.0,-4161,,1,1,0,1,0,0,,2.0,1,1,THURSDAY,17,0,0,0,0,0,0,Government,,0.7735532297197539,,0.0701,,0.9806,,,,0.1379,0.1667,,0.0888,,0.1224,,,0.0714,,0.9762,,,,0.1379,0.1667,,0.0877,,0.075,,,0.0708,,0.9826,,,,0.1379,0.1667,,0.0904,,0.0739,,,,block of flats,0.1752,"Stone, brick",No,0.0,0.0,0.0,0.0,-1305.0,0,1,0,0,0,0,0,0,0,0,0,0,0,0,0,0,0,0,0,0,,,,,,,3.5986571428571428,0.3567714285714286,0.09914015545481251,-0.2231645262902835,2.0,1.0
334552,Cash loans,F,N,N,0,180000.0,296280.0,14382.0,225000.0,Unaccompanied,Pensioner,Secondary / secondary special,Married,House / apartment,0.030755,23087,365243,-5115.0,-5152,,1,0,0,1,0,0,,2.0,2,2,THURSDAY,17,0,0,0,0,0,0,XNA,,0.6161512523677279,0.2793353208976285,,,,,,,,,,,,,,,,,,,,,,,,,,,,,,,,,,,,,,,,,,,,,,,,0.0,0.0,0.0,0.0,-2069.0,0,0,0,0,1,0,0,0,0,0,0,0,0,0,0,0,0,0,0,0,0.0,0.0,0.0,0.0,2.0,1.0,1.646,0.0799,0.048541919805589306,15.820288474033006,1.0,1.0
404280,Cash loans,F,Y,Y,0,81000.0,296280.0,23539.5,225000.0,Unaccompanied,Commercial associate,Secondary / secondary special,Separated,Municipal apartment,0.018634,14404,-3178,-2296.0,-4868,3.0,1,1,0,1,1,0,Cleaning staff,1.0,2,2,FRIDAY,19,0,0,0,0,0,0,School,0.3507227003396014,0.4860812974279737,0.7295666907060153,0.0577,0.0653,0.9786,,,0.0,0.1379,0.1667,,0.0478,,0.0537,,0.0517,0.0588,0.0677,0.9786,,,0.0,0.1379,0.1667,,0.0489,,0.0559,,0.0548,0.0583,0.0653,0.9786,,,0.0,0.1379,0.1667,,0.0486,,0.0547,,0.0528,,block of flats,0.0688,"Stone, brick",No,0.0,0.0,0.0,0.0,0.0,0,1,0,0,0,0,0,0,0,0,0,0,0,0,0,0,0,0,0,0,0.0,0.0,0.0,0.0,0.0,1.0,3.6577777777777776,0.2906111111111111,0.0794501822600243,-0.22063315745626214,3.0,1.0
305474,Cash loans,M,Y,N,0,112500.0,900000.0,29034.0,900000.0,Unaccompanied,Working,Secondary / secondary special,Married,House / apartment,0.028663,17402,-8508,-2721.0,-911,9.0,1,1,0,1,0,0,,2.0,2,2,FRIDAY,13,0,0,0,0,0,0,Industry: type 9,,0.5267749683492179,0.5190973382084597,0.066,0.0018,0.9727,,,0.0,0.1379,0.125,,0.0139,,0.0495,,0.0052,0.0672,0.0018,0.9727,,,0.0,0.1379,0.125,,0.0142,,0.0516,,0.0055,0.0666,0.0018,0.9727,,,0.0,0.1379,0.125,,0.0141,,0.0504,,0.0053,,block of flats,0.0431,"Stone, brick",No,0.0,0.0,0.0,0.0,-1628.0,0,1,0,0,0,0,0,0,0,0,0,0,0,0,0,0,0,0,0,0,0.0,0.0,1.0,0.0,1.0,0.0,8.0,0.25808,0.03226,-0.48890932076772786,1.0,1.0
171114,Cash loans,F,N,N,0,315000.0,540000.0,19395.0,540000.0,Unaccompanied,State servant,Secondary / secondary special,Widow,Office apartment,0.0035409999999999,20493,-7440,-6060.0,-3652,,1,1,0,1,0,0,Cooking staff,1.0,1,1,SATURDAY,9,0,0,0,0,0,0,School,0.8620229499308415,0.6079944873326363,0.4436153084085652,0.0165,0.0539,0.9871,0.8232,0.005,0.0,0.069,0.0417,0.0833,0.0438,0.0134,0.0179,0.0,0.0,0.0168,0.0559,0.9871,0.8301,0.0051,0.0,0.069,0.0417,0.0833,0.0448,0.0147,0.0186,0.0,0.0,0.0167,0.0539,0.9871,0.8256,0.0051,0.0,0.069,0.0417,0.0833,0.0445,0.0137,0.0182,0.0,0.0,not specified,block of flats,0.0168,Wooden,Yes,2.0,0.0,2.0,0.0,-2495.0,0,1,0,0,0,0,0,0,0,0,0,0,0,0,0,0,0,0,0,0,0.0,0.0,0.0,0.0,1.0,1.0,1.7142857142857142,0.06157142857142857,0.035916666666666666,-0.36305079783340655,1.0,1.0
373297,Cash loans,F,N,Y,0,315000.0,1565091.0,50485.5,1343425.5,Unaccompanied,Commercial associate,Secondary / secondary special,Married,House / apartment,0.014464,18581,-3983,-12295.0,-2086,,1,1,0,1,0,0,Managers,2.0,2,2,THURSDAY,8,0,0,0,0,0,0,Self-employed,0.775099051652052,0.6012982776558717,0.7238369900414456,0.1485,0.1017,0.9816,0.7484,,0.16,0.1379,0.3333,0.375,0.1169,0.121,0.1444,0.0039,0.1293,0.1513,0.1055,0.9816,0.7583,,0.1611,0.1379,0.3333,0.375,0.1196,0.1322,0.1504,0.0039,0.1369,0.1499,0.1017,0.9816,0.7518,,0.16,0.1379,0.3333,0.375,0.119,0.1231,0.147,0.0039,0.132,reg oper account,block of flats,0.1496,Panel,No,0.0,0.0,0.0,0.0,-1371.0,0,1,0,0,0,0,0,0,0,0,0,0,0,0,0,0,0,0,0,0,0.0,0.0,0.0,0.0,0.0,4.0,4.968542857142857,0.16027142857142856,0.03225722977130403,-0.2143587535654701,8.0,1.0
306995,Cash loans,M,N,Y,0,202500.0,504306.0,27634.5,445500.0,Unaccompanied,Commercial associate,Higher education,Married,House / apartment,0.072508,20439,-844,-3805.0,-3374,,1,1,1,1,1,0,Laborers,2.0,1,1,TUESDAY,15,0,0,0,0,0,0,Business Entity Type 1,,0.7305834515650624,,0.5897,0.0,0.9945,0.9252,0.2862,0.72,0.1724,1.0,1.0,0.0,0.4808,0.5981,0.0,0.0585,0.6008,0.0,0.9945,0.9281,0.2888,0.725,0.1724,1.0,1.0,0.0,0.5253,0.6231,0.0,0.0619,0.5954,0.0,0.9945,0.9262,0.288,0.72,0.1724,1.0,1.0,0.0,0.4891,0.6088,0.0,0.0597,reg oper account,block of flats,0.4831,Monolithic,No,6.0,0.0,6.0,0.0,-112.0,0,0,0,0,0,0,0,0,0,0,0,0,0,0,0,0,0,0,0,0,0.0,0.0,0.0,0.0,0.0,0.0,2.4904,0.13646666666666665,0.05479708748259985,-0.04129360536229757,,
104460,Cash loans,F,N,Y,0,180000.0,761872.5,53154.0,675000.0,Unaccompanied,Working,Secondary / secondary special,Married,House / apartment,0.035792,17544,-2036,-4400.0,-1075,,1,1,0,1,0,0,HR staff,2.0,2,2,SATURDAY,12,0,0,0,0,0,0,Housing,,0.6312997922315267,0.5172965813614878,,,,,,,,,,,,,,,,,,,,,,,,,,,,,,,,,,,,,,,,,,,,,,,,0.0,0.0,0.0,0.0,-1998.0,0,1,0,0,0,0,0,0,0,0,0,0,0,0,0,0,0,0,0,0,0.0,0.0,0.0,0.0,0.0,0.0,4.232625,0.2953,0.06976757922093263,-0.11605107159142727,1.0,1.0
149376,Cash loans,F,Y,Y,1,225000.0,271957.5,32404.5,252000.0,Unaccompanied,Commercial associate,Secondary / secondary special,Married,House / apartment,0.0228,15141,-1334,-7274.0,-3507,11.0,1,1,0,1,0,1,Realty agents,3.0,2,2,WEDNESDAY,11,0,0,0,0,0,0,Realtor,,0.4915126100123111,,0.1113,0.0368,0.9896,0.8572,0.0283,0.12,0.1034,0.3333,,,0.0899,0.1545,0.0039,0.0076,0.1134,0.0382,0.9896,0.8628,0.0286,0.1208,0.1034,0.3333,,,0.0983,0.161,0.0039,0.0081,0.1124,0.0368,0.9896,0.8591,0.0285,0.12,0.1034,0.3333,,,0.0915,0.1573,0.0039,0.0078,reg oper account,block of flats,0.1232,Panel,No,3.0,0.0,3.0,0.0,0.0,0,1,0,0,0,0,0,0,0,0,0,0,0,0,0,0,0,0,0,0,0.0,0.0,0.0,0.0,0.0,0.0,1.2087,0.14402,0.11915280880284604,-0.0881051449706096,,
354708,Cash loans,F,N,Y,1,225000.0,651960.0,23548.5,450000.0,Unaccompanied,Working,Secondary / secondary special,Single / not married,House / apartment,0.02461,14389,-3906,-2044.0,-5026,,1,1,0,1,1,0,Sales staff,2.0,2,2,WEDNESDAY,14,0,0,0,0,0,0,Self-employed,0.4002968401010502,0.5757912535847182,0.6894791426446275,0.1959,0.126,0.9945,0.9252,0.0,0.16,0.1379,0.375,0.4167,0.0552,0.1597,0.1945,0.0,0.0,0.1996,0.1308,0.9945,0.9281,0.0,0.1611,0.1379,0.375,0.4167,0.0565,0.1745,0.2027,0.0,0.0,0.1978,0.126,0.9945,0.9262,0.0,0.16,0.1379,0.375,0.4167,0.0562,0.1625,0.198,0.0,0.0,org spec account,block of flats,0.2089,Panel,No,0.0,0.0,0.0,0.0,-610.0,0,1,0,0,0,0,0,0,0,0,0,0,0,0,0,0,0,0,0,0,0.0,0.0,0.0,0.0,0.0,1.0,2.8976,0.10466,0.036119547211485366,-0.27145736326360415,1.0,1.0
451651,Cash loans,F,N,Y,0,90000.0,272520.0,21658.5,225000.0,Family,Working,Secondary / secondary special,Married,House / apartment,0.0228,10281,-1994,-4353.0,-2016,,1,1,0,1,1,0,Sales staff,2.0,2,2,THURSDAY,14,0,0,0,0,0,0,Self-employed,0.5232560414760811,0.5923533651579546,0.3077366963789207,,,,,,,,,,,,,,,,,,,,,,,,,,,,,,,,,,,,,,,,,,,,,,,,0.0,0.0,0.0,0.0,-561.0,0,1,0,0,0,0,0,0,0,0,0,0,0,0,0,0,0,0,0,0,0.0,0.0,0.0,0.0,0.0,3.0,3.028,0.24065,0.07947490092470277,-0.19395000486334013,5.0,0.6666666666666666
210735,Cash loans,F,N,Y,0,540000.0,1572750.0,48946.5,1350000.0,Unaccompanied,Commercial associate,Secondary / secondary special,Married,House / apartment,0.072508,16241,-1098,-4979.0,-5074,,1,1,1,1,1,1,Sales staff,2.0,1,1,THURSDAY,8,0,0,0,0,0,0,Business Entity Type 3,0.4411951370168428,0.7407373678121659,0.6512602186973006,0.1113,0.1173,0.9831,0.7688,0.0,0.2,0.1724,0.625,0.6667,0.0542,0.0908,0.1025,0.0,0.0122,0.1134,0.0974,0.9831,0.7779,0.0,0.1611,0.1379,0.625,0.6667,0.0554,0.0992,0.1068,0.0,0.0129,0.1124,0.1173,0.9831,0.7719,0.0,0.2,0.1724,0.625,0.6667,0.0551,0.0923,0.1043,0.0,0.0124,reg oper account,block of flats,0.0832,Panel,No,0.0,0.0,0.0,0.0,-2080.0,0,1,0,0,0,0,0,0,0,0,0,0,0,0,0,0,0,0,0,0,0.0,0.0,0.0,0.0,1.0,2.0,2.9125,0.09064166666666666,0.031121602288984262,-0.06760667446585801,8.0,0.875
355341,Cash loans,M,N,N,0,405000.0,252000.0,26590.5,252000.0,Unaccompanied,Commercial associate,Higher education,Married,House / apartment,0.072508,19751,-950,-8204.0,-3302,,1,1,1,1,1,1,Core staff,2.0,1,1,MONDAY,15,0,0,0,0,0,0,Advertising,,0.7503075209979481,0.4048783643353997,0.0515,0.0048,0.9717,0.6124,,0.0,0.1034,0.1667,0.2083,0.0447,0.042,0.0698,,0.0013,0.0525,0.005,0.9717,0.6276,,0.0,0.1034,0.1667,0.2083,0.0457,0.0459,0.0728,,0.0014,0.052,0.0048,0.9717,0.6176,,0.0,0.1034,0.1667,0.2083,0.0454,0.0428,0.0711,,0.0013,,block of flats,0.0552,"Stone, brick",No,0.0,0.0,0.0,0.0,-811.0,0,0,0,0,0,0,0,1,0,0,0,0,0,0,0,0,0,0,0,0,0.0,0.0,0.0,0.0,0.0,4.0,0.6222222222222222,0.06565555555555555,0.10551785714285715,-0.048098830438965116,4.0,0.6666666666666666
322846,Cash loans,M,Y,N,0,180000.0,1800000.0,56002.5,1800000.0,Unaccompanied,Commercial associate,Higher education,Married,House / apartment,0.0145199999999999,20784,-5663,-3813.0,-4002,4.0,1,1,0,1,1,0,Core staff,2.0,2,2,TUESDAY,9,0,0,0,0,0,0,Legal Services,0.5272567142098071,0.6292155868551098,0.5388627065779676,0.0722,0.0381,0.9811,0.7756,,0.02,0.1552,0.2083,0.125,0.0775,0.0588,0.087,,0.0377,0.0735,0.0,0.9791,0.7256,,0.0,0.1379,0.1667,0.0417,0.0721,0.0643,0.0468,,0.0248,0.0729,0.0381,0.9791,0.7786,,0.0,0.1379,0.1667,0.125,0.0762,0.0599,0.0768,,0.0282,reg oper account,block of flats,0.0519,Panel,No,1.0,0.0,1.0,0.0,-1646.0,0,0,0,0,1,0,0,0,0,0,0,0,0,0,0,0,0,0,0,0,0.0,0.0,0.0,0.0,0.0,0.0,10.0,0.311125,0.0311125,-0.27246920708237105,2.0,1.0
238457,Cash loans,F,N,Y,0,148500.0,531706.5,22657.5,459000.0,Unaccompanied,Pensioner,Secondary / secondary special,Single / not married,House / apartment,0.01885,21208,365243,-894.0,-4387,,1,0,0,1,0,1,,1.0,2,2,WEDNESDAY,10,0,0,0,0,0,0,XNA,0.6587707844546365,0.1738941135514619,0.4241303111942548,0.1155,0.0755,0.9836,0.7756,0.0262,0.12,0.0862,0.4792,,0.0401,,0.1211,0.0,0.0,0.084,0.0319,0.9831,0.7779,0.022,0.0806,0.0345,0.3333,,0.0094,,0.0913,0.0,0.0,0.1166,0.0755,0.9836,0.7786,0.0264,0.12,0.0862,0.4792,,0.0408,,0.1233,0.0,0.0,,block of flats,0.0856,"Stone, brick",No,0.0,0.0,0.0,0.0,-548.0,0,0,0,0,1,0,0,0,0,0,0,0,0,0,0,0,0,0,0,0,0.0,0.0,0.0,0.0,0.0,4.0,3.5805151515151517,0.1525757575757576,0.04261279484076271,17.221944549226706,7.0,1.0
191850,Cash loans,M,N,Y,0,202500.0,539100.0,27652.5,450000.0,Unaccompanied,Working,Secondary / secondary special,Single / not married,House / apartment,0.018801,20606,-4652,-8290.0,-1066,,1,1,0,1,0,0,Laborers,1.0,2,2,SATURDAY,9,0,0,0,0,0,0,Electricity,,0.5488074844251004,0.722392890081304,0.0,,0.9767,,,,0.1724,0.1667,,,,0.0651,,,0.0,,0.9767,,,,0.1724,0.1667,,,,0.0678,,,0.0,,0.9767,,,,0.1724,0.1667,,,,0.0662,,,,block of flats,0.0512,Panel,No,0.0,0.0,0.0,0.0,-458.0,0,1,0,0,0,0,0,0,0,0,0,0,0,0,0,0,0,0,0,0,0.0,0.0,0.0,0.0,0.0,2.0,2.6622222222222223,0.13655555555555557,0.05129382303839733,-0.2257594875279045,2.0,1.0
200697,Cash loans,F,N,Y,0,175680.0,229500.0,23643.0,229500.0,Unaccompanied,State servant,Secondary / secondary special,Widow,House / apartment,0.0196889999999999,18631,-636,-5940.0,-2176,,1,1,0,1,0,1,Core staff,1.0,2,2,MONDAY,10,0,0,0,0,0,0,Kindergarten,0.7867860406238592,0.6702136149450626,0.5460231970049609,,,,,,,,,,,,,,,,,,,,,,,,,,,,,,,,,,,,,,,,,,,,,,,,0.0,0.0,0.0,0.0,-394.0,0,1,0,0,0,0,0,0,0,0,0,0,0,0,0,0,0,0,0,0,0.0,0.0,0.0,0.0,0.0,4.0,1.3063524590163935,0.13457991803278688,0.10301960784313725,-0.03413665396382373,11.0,0.75
253708,Cash loans,F,Y,Y,1,337500.0,752553.0,32013.0,598500.0,Unaccompanied,Commercial associate,Secondary / secondary special,Married,House / apartment,0.032561,15924,-5482,-3894.0,-4701,2.0,1,1,0,1,0,1,Realty agents,3.0,1,1,FRIDAY,12,0,0,0,0,0,0,Self-employed,0.4369890348917708,0.6976416513746925,0.2567055724393002,0.3057,0.1226,0.9846,0.7892,,0.3,0.2414,0.4792,0.5208,0.0362,,0.3255,,0.0168,0.1155,0.0536,0.9816,0.7583,,0.0806,0.0345,0.3333,0.375,0.019,,0.1143,,0.0087,0.3086,0.1226,0.9846,0.792,,0.3,0.2414,0.4792,0.5208,0.0368,,0.3313,,0.0171,reg oper account,block of flats,0.4312,"Stone, brick",No,0.0,0.0,0.0,0.0,-1125.0,0,1,0,0,0,0,0,0,0,0,0,0,0,0,0,0,0,0,0,0,0.0,0.0,0.0,0.0,1.0,0.0,2.2297866666666666,0.09485333333333333,0.04253919657485918,-0.34426023612157747,1.0,1.0
453412,Cash loans,F,N,N,0,112500.0,331920.0,18004.5,225000.0,Unaccompanied,Working,Secondary / secondary special,Widow,House / apartment,0.00963,15334,-1107,-4436.0,-4402,,1,1,1,1,1,0,,1.0,2,2,TUESDAY,15,0,0,0,0,1,1,Other,0.3835302069994157,0.3464012484764718,,,,,,,,,,,,,,,,,,,,,,,,,,,,,,,,,,,,,,,,,,,,,,,,,0.0,0.0,0.0,0.0,-323.0,0,1,0,0,0,0,0,0,0,0,0,0,0,0,0,0,0,0,0,0,0.0,0.0,0.0,0.0,0.0,3.0,2.9504,0.16004,0.05424349240780911,-0.07219251336898395,7.0,0.6
274690,Cash loans,M,Y,Y,0,195750.0,391500.0,21366.0,391500.0,"Spouse, partner",Working,Higher education,Married,House / apartment,0.018634,19627,-5407,-7122.0,-3074,9.0,1,1,1,1,0,0,Drivers,2.0,2,2,FRIDAY,11,0,0,0,0,1,1,Self-employed,0.4458573644077612,0.2462819814243492,,,,,,,,,,,,,,,,,,,,,,,,,,,,,,,,,,,,,,,,,,,,,,,,,0.0,0.0,0.0,0.0,-1899.0,0,0,0,0,0,0,1,0,0,0,0,0,0,0,0,0,0,0,0,0,,,,,,,2.0,0.10914942528735633,0.054574712643678164,-0.2754878483721404,5.0,1.0
376633,Cash loans,F,N,Y,0,270000.0,423000.0,27058.5,423000.0,Unaccompanied,Working,Higher education,Separated,House / apartment,0.0228,8696,-1139,-1270.0,-1375,,1,1,1,1,0,0,Core staff,1.0,2,2,SUNDAY,15,0,0,0,0,1,1,Bank,,0.4513749418078067,0.4170996682522097,,,,,,,,,,,,,,,,,,,,,,,,,,,,,,,,,,,,,,,,,,,,,,,,0.0,0.0,0.0,0.0,-923.0,0,1,0,0,0,0,0,0,0,0,0,0,0,0,0,0,0,0,0,0,0.0,0.0,0.0,0.0,0.0,0.0,1.5666666666666667,0.10021666666666666,0.06396808510638298,-0.1309797608095676,3.0,1.0
444835,Cash loans,M,N,Y,0,112500.0,364896.0,23319.0,315000.0,Unaccompanied,Working,Secondary / secondary special,Single / not married,House / apartment,0.031329,16076,-1120,-8406.0,-5025,,1,1,1,1,1,0,Drivers,1.0,2,2,TUESDAY,9,0,0,0,0,0,0,Business Entity Type 3,,0.2518770396779223,0.6785676886853644,0.1443,,0.9851,,,0.16,0.1379,0.3333,,,,0.071,,,0.1471,,0.9851,,,0.1611,0.1379,0.3333,,,,0.074,,,0.1457,,0.9851,,,0.16,0.1379,0.3333,,,,0.0723,,,,block of flats,0.1069,Panel,No,0.0,0.0,0.0,0.0,-889.0,0,1,0,0,0,0,0,0,0,0,0,0,0,0,0,0,0,0,0,0,0.0,0.0,0.0,0.0,0.0,1.0,3.24352,0.20728,0.06390588003157063,-0.06966907190843494,1.0,1.0
412470,Cash loans,M,N,Y,2,157500.0,848745.0,46174.5,675000.0,Unaccompanied,Commercial associate,Secondary / secondary special,Married,House / apartment,0.006629,12899,-2925,-428.0,-4543,,1,1,1,1,1,0,Security staff,4.0,2,2,THURSDAY,4,0,0,0,0,0,0,Trade: type 7,,0.3723657563304825,0.7062051096536562,,,,,,,,,,,,,,,,,,,,,,,,,,,,,,,,,,,,,,,,,,,,,,,,0.0,0.0,0.0,0.0,-316.0,0,1,0,0,0,0,0,0,0,0,0,0,0,0,0,0,0,0,0,0,0.0,0.0,0.0,0.0,1.0,1.0,5.388857142857143,0.2931714285714286,0.0544032659986215,-0.2267617644778665,3.0,1.0
307708,Cash loans,M,N,Y,1,135000.0,711000.0,23067.0,562500.0,Unaccompanied,Working,Secondary / secondary special,Married,House / apartment,0.010966,18701,-7565,-245.0,-2124,,1,1,0,1,0,0,Laborers,3.0,2,2,THURSDAY,16,0,0,0,0,0,0,Construction,0.6524761731825911,0.5136001642195136,0.6817058776720116,0.066,0.0282,0.9757,0.6668,0.0078,0.0,0.1379,0.1667,,0.0577,,0.0509,,,0.0672,0.0292,0.9757,0.6798,0.0078,0.0,0.1379,0.1667,,0.059,,0.053,,,0.0666,0.0282,0.9757,0.6713,0.0078,0.0,0.1379,0.1667,,0.0587,,0.0518,,,org spec account,block of flats,0.0603,"Stone, brick",No,8.0,0.0,8.0,0.0,-971.0,0,1,0,0,0,0,0,0,0,0,0,0,0,0,0,0,0,0,0,0,0.0,0.0,0.0,0.0,0.0,2.0,5.266666666666667,0.17086666666666667,0.03244303797468354,-0.4045238222554944,2.0,1.0
287474,Cash loans,F,N,Y,0,112500.0,517266.0,28188.0,387000.0,Unaccompanied,Working,Secondary / secondary special,Married,House / apartment,0.016612,11558,-3981,-11558.0,-986,,1,1,0,1,1,0,Sales staff,2.0,2,2,TUESDAY,9,0,0,0,0,1,1,Self-employed,0.3286394630423619,0.3741050238013868,0.4329616670974407,,,,,,,,,,,,,,,,,,,,,,,,,,,,,,,,,,,,,,,,,,,,,,,,0.0,0.0,0.0,0.0,-706.0,0,0,0,1,0,0,0,0,0,0,0,0,0,0,0,0,0,0,0,0,0.0,0.0,0.0,0.0,1.0,1.0,4.59792,0.25056,0.054494206075790794,-0.3444367537636269,4.0,1.0
189262,Cash loans,F,N,Y,0,148500.0,177768.0,14044.5,135000.0,Unaccompanied,Working,Secondary / secondary special,Married,House / apartment,0.010147,12017,-5234,-522.0,-4592,,1,1,0,1,0,0,Sales staff,2.0,2,2,TUESDAY,10,0,0,0,0,0,0,Self-employed,0.3840674707111443,0.6838585684037854,0.6674577419214722,,,,,,,,,,,,,,,,,,,,,,,,,,,,,,,,,,,,,,,,,,,,,,,,0.0,0.0,0.0,0.0,0.0,0,1,0,0,0,0,0,0,0,0,0,0,0,0,0,0,0,0,0,0,0.0,0.0,0.0,0.0,0.0,3.0,1.197090909090909,0.09457575757575758,0.07900465775617659,-0.43554963801281515,2.0,1.0
102221,Cash loans,F,N,N,0,157500.0,522396.0,29299.5,472500.0,Unaccompanied,Working,Secondary / secondary special,Married,House / apartment,0.035792,16002,-2736,-8276.0,-2845,,1,1,0,1,0,0,Managers,2.0,2,2,FRIDAY,11,0,0,0,0,0,0,Self-employed,0.7017342549166703,0.587544827229703,0.4578995512067301,,,,,,,,,,,,,,,,,,,,,,,,,,,,,,,,,,,,,,,,,,,,,,,,0.0,0.0,0.0,0.0,-2555.0,0,1,0,0,0,0,0,0,0,0,0,0,0,0,0,0,0,0,0,0,0.0,0.0,0.0,0.0,1.0,3.0,3.3168,0.18602857142857143,0.05608676176693543,-0.17097862767154107,4.0,1.0
414275,Cash loans,F,N,Y,2,247500.0,1572750.0,48946.5,1350000.0,Family,Commercial associate,Incomplete higher,Married,House / apartment,0.011703,13466,-1339,-5487.0,-123,,1,1,0,1,1,1,,4.0,2,2,MONDAY,13,0,0,0,0,0,0,Business Entity Type 3,0.7871017195465119,0.7343628518509218,0.4848514754962666,0.1485,0.0,0.9881,0.8368,,0.16,0.1379,0.3333,0.375,0.0689,0.0,0.1725,0.0,0.0019,0.1513,0.0,0.9881,0.8432,,0.1611,0.1379,0.3333,0.375,0.0705,0.0,0.1797,0.0,0.002,0.1499,0.0,0.9881,0.8390000000000001,,0.16,0.1379,0.3333,0.375,0.0701,0.0,0.1756,0.0,0.0019,reg oper account,block of flats,0.1568,Panel,No,0.0,0.0,0.0,0.0,-2153.0,0,1,0,0,0,0,0,0,0,0,0,0,0,0,0,0,0,0,0,0,0.0,0.0,0.0,0.0,0.0,0.0,6.3545454545454545,0.19776363636363636,0.031121602288984262,-0.09943561562453587,6.0,1.0
140402,Cash loans,F,N,Y,0,247500.0,706500.0,22918.5,706500.0,Family,Pensioner,Secondary / secondary special,Married,House / apartment,0.015221,21610,365243,-5040.0,-5040,,1,0,0,1,0,0,,2.0,2,2,FRIDAY,12,0,0,0,0,0,0,XNA,0.8429016360817541,0.6471131568167311,0.7194907850918436,0.0825,0.1027,0.9886,,,,0.1379,0.1667,,0.0758,,0.0845,,,0.084,0.1066,0.9886,,,,0.1379,0.1667,,0.0775,,0.088,,,0.0833,0.1027,0.9886,,,,0.1379,0.1667,,0.0771,,0.086,,,,block of flats,0.0664,Panel,No,3.0,0.0,3.0,0.0,-2115.0,0,1,0,0,0,0,0,0,0,0,0,0,0,0,0,0,0,0,0,0,0.0,0.0,0.0,0.0,0.0,5.0,2.8545454545454545,0.0926,0.03243949044585987,16.9015733456733,23.0,0.6
296264,Cash loans,F,N,N,0,157500.0,257391.0,26505.0,238500.0,Unaccompanied,Pensioner,Higher education,Married,House / apartment,0.00496,18664,365243,-8576.0,-2171,,1,0,0,1,0,0,,2.0,2,2,WEDNESDAY,15,0,0,0,0,0,0,XNA,0.6020870839389955,0.6285419011111855,0.6738300778602003,,,,,,,,,,,,,,,,,,,,,,,,,,,,,,,,,,,,,,,,,,,,,,,,1.0,0.0,1.0,0.0,-1529.0,0,0,0,0,1,0,0,0,0,0,0,0,0,0,0,0,0,0,0,0,0.0,0.0,0.0,0.0,1.0,2.0,1.6342285714285714,0.1682857142857143,0.10297562851847966,19.569384912130303,4.0,1.0
240046,Cash loans,F,N,Y,0,135000.0,294435.0,12505.5,207000.0,Unaccompanied,Pensioner,Secondary / secondary special,Single / not married,House / apartment,0.010006,19320,365243,-1532.0,-1548,,1,0,0,1,0,0,,1.0,2,2,FRIDAY,12,0,0,0,0,0,0,XNA,,0.5899327306264152,0.5424451438613613,,,,,,,,,,,,,,,,,,,,,,,,,,,,,,,,,,,,,,,,,,,,,,,,4.0,0.0,4.0,0.0,-962.0,0,1,0,0,0,0,0,0,0,0,0,0,0,0,0,0,0,0,0,0,0.0,0.0,0.0,0.0,1.0,3.0,2.181,0.09263333333333333,0.0424728717713587,18.90491718426501,2.0,1.0
399525,Cash loans,F,N,N,1,135000.0,522396.0,33516.0,472500.0,"Spouse, partner",Working,Higher education,Married,With parents,0.022625,10922,-1071,-4819.0,-3095,,1,1,0,1,0,0,Core staff,3.0,2,2,FRIDAY,16,0,0,0,1,1,0,Trade: type 7,0.6631385749043373,0.7250952891020698,0.4794489811780563,,,,,,,,,,,,,,,,,,,,,,,,,,,,,,,,,,,,,,,,,,,,,,,,11.0,1.0,11.0,1.0,-956.0,0,0,0,0,0,0,1,0,0,0,0,0,0,0,0,0,0,0,0,0,0.0,0.0,0.0,0.0,1.0,2.0,3.8696,0.24826666666666666,0.06415822479498312,-0.09805896355978759,3.0,0.5
274142,Cash loans,F,Y,Y,1,90000.0,260640.0,26838.0,225000.0,Unaccompanied,Working,Secondary / secondary special,Married,House / apartment,0.020713,15569,-2098,-2756.0,-3357,18.0,1,1,1,1,0,0,Sales staff,3.0,3,3,SUNDAY,10,0,0,0,0,1,1,Business Entity Type 3,0.3237687299992878,0.3128352419279635,0.7062051096536562,,,,,,,,,,,,,,,,,,,,,,,,,,,,,,,,,,,,,,,,,,,,,,,,0.0,0.0,0.0,0.0,-2196.0,0,1,0,0,0,0,0,0,0,0,0,0,0,0,0,0,0,0,0,0,0.0,0.0,0.0,0.0,0.0,0.0,2.896,0.2982,0.10296961325966851,-0.13475496178303037,6.0,1.0
179191,Cash loans,F,Y,Y,2,162000.0,328405.5,26077.5,283500.0,Unaccompanied,Working,Secondary / secondary special,Married,House / apartment,0.035792,12942,-1959,-3589.0,-3663,6.0,1,1,0,1,1,0,Accountants,4.0,2,2,THURSDAY,15,0,0,0,0,0,0,Business Entity Type 2,0.3368151251735353,0.6385681961811107,0.1940678276718812,,,,,,,,,,,,,,,,,,,,,,,,,,,,,,,,,,,,,,,,,,,,,,,,3.0,0.0,3.0,0.0,-1053.0,0,1,0,0,0,0,0,0,0,0,0,0,0,0,0,0,0,0,0,0,0.0,0.0,0.0,0.0,0.0,5.0,2.0271944444444445,0.1609722222222222,0.07940640458214007,-0.15136764024107557,11.0,0.5
175573,Cash loans,F,N,N,0,112500.0,270000.0,15498.0,270000.0,Unaccompanied,Working,Secondary / secondary special,Civil marriage,House / apartment,0.010276,10317,-193,-5127.0,-2990,,1,1,0,1,0,0,High skill tech staff,2.0,2,2,TUESDAY,16,0,0,0,0,0,0,Trade: type 3,0.4767914823564264,0.6376996583036593,0.4135967602644276,0.0933,0.0008,0.9831,0.7688,0.0237,0.04,0.0345,0.3333,0.375,0.0114,0.0761,0.0776,0.0,0.0,0.0945,0.0,0.9826,0.7713,0.0238,0.0403,0.0345,0.3333,0.375,0.0116,0.0826,0.0801,0.0,0.0,0.0942,0.0008,0.9831,0.7719,0.0238,0.04,0.0345,0.3333,0.375,0.0116,0.0774,0.079,0.0,0.0,reg oper account,block of flats,0.0735,Panel,No,2.0,1.0,2.0,1.0,-1179.0,0,1,0,0,0,0,0,0,0,0,0,0,0,0,0,0,0,0,0,0,0.0,0.0,0.0,0.0,1.0,2.0,2.4,0.13776,0.0574,-0.018706988465639236,2.0,1.0
127309,Cash loans,F,Y,Y,0,157500.0,495000.0,26851.5,495000.0,Unaccompanied,Commercial associate,Secondary / secondary special,Married,House / apartment,0.007114,15783,-1022,-9860.0,-4534,8.0,1,1,0,1,1,0,Sales staff,2.0,2,2,WEDNESDAY,17,0,0,0,0,0,0,Trade: type 7,0.8747905629692267,0.2516710646874157,,0.0124,,0.9687,,,,0.069,0.0417,,0.0279,,0.0081,,0.0,0.0126,,0.9687,,,,0.069,0.0417,,0.0285,,0.0085,,0.0,0.0125,,0.9687,,,,0.069,0.0417,,0.0284,,0.0083,,0.0,,block of flats,0.0069,"Stone, brick",Yes,3.0,0.0,3.0,0.0,-868.0,0,1,0,0,0,0,0,0,0,0,0,0,0,0,0,0,0,0,0,0,,,,,,,3.142857142857143,0.1704857142857143,0.05424545454545455,-0.06475321548501552,1.0,1.0
213240,Cash loans,F,N,Y,2,112500.0,199152.0,10309.5,135000.0,Unaccompanied,Working,Secondary / secondary special,Married,House / apartment,0.019101,16765,-7032,-6153.0,-313,,1,1,0,1,0,0,Laborers,4.0,2,2,MONDAY,11,0,0,0,0,0,0,Business Entity Type 1,0.4741460184745872,0.5651608637063045,0.722392890081304,,,,,,,,,,,,,,,,,,,,,,,,,,,,,,,,,,,,,,,,,,,,,,,,0.0,0.0,0.0,0.0,-1875.0,0,1,0,0,0,0,0,0,0,0,0,0,0,0,0,0,0,0,0,0,0.0,0.0,0.0,0.0,0.0,0.0,1.77024,0.09164,0.05176699204627621,-0.4194452728899493,3.0,1.0
294236,Cash loans,F,N,Y,0,270000.0,599778.0,30753.0,477000.0,Unaccompanied,Working,Secondary / secondary special,Married,House / apartment,0.018029,14301,-1028,-564.0,-5686,,1,1,0,1,0,0,Laborers,2.0,3,2,FRIDAY,10,0,0,0,0,0,0,Self-employed,0.6666148631870817,0.3242217953277168,0.1986200451074864,0.0619,0.0627,0.9791,0.7144,0.0278,0.0,0.1379,0.1667,0.2083,0.0446,0.0504,0.0543,0.0,0.0,0.063,0.065,0.9791,0.7256,0.0281,0.0,0.1379,0.1667,0.2083,0.0456,0.0551,0.0566,0.0,0.0,0.0625,0.0627,0.9791,0.7182,0.028,0.0,0.1379,0.1667,0.2083,0.0454,0.0513,0.0553,0.0,0.0,reg oper account,block of flats,0.0579,Panel,No,1.0,1.0,1.0,1.0,-1116.0,0,1,0,0,0,0,0,0,0,0,0,0,0,0,0,0,0,0,0,0,0.0,0.0,0.0,0.0,0.0,2.0,2.2214,0.1139,0.05127397136940668,-0.07188308509894413,16.0,0.7692307692307693
125817,Cash loans,M,Y,Y,0,675000.0,495972.0,27036.0,414000.0,Unaccompanied,Commercial associate,Higher education,Married,House / apartment,0.072508,11880,-2093,-3568.0,-2219,3.0,1,1,0,1,0,0,Managers,2.0,1,1,TUESDAY,18,0,0,0,0,0,0,Business Entity Type 3,,0.7229936963407719,0.6144143775673561,0.134,0.0561,0.9945,0.9252,0.2092,0.16,0.069,0.6667,0.7083,0.0,0.1093,0.0826,0.0,0.0284,0.1366,0.0582,0.9945,0.9281,0.2111,0.1611,0.069,0.6667,0.7083,0.0,0.1194,0.086,0.0,0.0301,0.1353,0.0561,0.9945,0.9262,0.2106,0.16,0.069,0.6667,0.7083,0.0,0.1112,0.0841,0.0,0.029,reg oper account,block of flats,0.1144,Panel,No,0.0,0.0,0.0,0.0,0.0,0,0,0,0,0,0,1,0,0,0,0,0,0,0,0,0,0,0,0,0,0.0,0.0,0.0,0.0,1.0,2.0,0.7347733333333333,0.04005333333333334,0.054511141758002465,-0.17617845117845118,9.0,0.8888888888888888
309855,Cash loans,F,N,Y,0,103500.0,266652.0,16443.0,202500.0,Unaccompanied,State servant,Higher education,Widow,House / apartment,0.01885,16522,-4816,-5350.0,-73,,1,1,1,1,1,0,,1.0,2,2,FRIDAY,16,0,0,0,0,1,1,Medicine,,0.532309886354606,0.7726311345553628,,,,,,,,,,,,,,,,,,,,,,,,,,,,,,,,,,,,,,,,,,,,,,,,8.0,0.0,8.0,0.0,0.0,0,1,0,0,0,0,0,0,0,0,0,0,0,0,0,0,0,0,0,0,0.0,0.0,0.0,0.0,0.0,3.0,2.5763478260869563,0.15886956521739132,0.06166464155528554,-0.2914901343662995,4.0,0.75
230216,Cash loans,F,N,Y,0,103500.0,285723.0,22239.0,238500.0,Unaccompanied,Pensioner,Higher education,Married,House / apartment,0.0084739999999999,21640,365243,-1566.0,-2870,,1,0,0,1,0,1,,2.0,2,2,WEDNESDAY,18,0,0,0,0,0,0,XNA,0.7435631645596231,0.3332109887835582,0.2837118826350007,,,,,,,,,,,,,,,,,,,,,,,,,,,,,,,,,,,,,,,,,,,,,,,,1.0,0.0,1.0,0.0,-260.0,0,0,0,0,1,0,0,0,0,0,0,0,0,0,0,0,0,0,0,0,0.0,0.0,0.0,0.0,2.0,0.0,2.760608695652174,0.2148695652173913,0.0778341260591552,16.87814232902033,1.0,1.0
405410,Cash loans,F,N,Y,1,211500.0,440784.0,34956.0,360000.0,Unaccompanied,Commercial associate,Secondary / secondary special,Single / not married,House / apartment,0.020713,19966,-2980,-4348.0,-3493,,1,1,0,1,0,0,Core staff,2.0,3,2,FRIDAY,6,0,0,0,0,0,0,Business Entity Type 3,,0.2362910131174375,0.0459922417553027,0.033,0.0053,0.9722,0.6192,0.0028,0.0,0.069,0.125,0.1667,0.0457,0.0269,0.0258,0.0,0.0,0.0336,0.0055,0.9722,0.6341,0.0028,0.0,0.069,0.125,0.1667,0.0467,0.0294,0.0269,0.0,0.0,0.0333,0.0053,0.9722,0.6243,0.0028,0.0,0.069,0.125,0.1667,0.0465,0.0274,0.0263,0.0,0.0,reg oper account,block of flats,0.0218,"Stone, brick",No,7.0,1.0,7.0,0.0,-1383.0,0,1,0,0,0,0,0,0,0,0,0,0,0,0,0,0,0,0,0,0,0.0,0.0,0.0,0.0,0.0,5.0,2.084085106382979,0.16527659574468084,0.07930414897092454,-0.14925373134328357,8.0,0.6666666666666666
208144,Cash loans,F,N,N,0,112500.0,360000.0,18508.5,360000.0,Family,Pensioner,Higher education,Married,Municipal apartment,0.0228,23272,365243,-8521.0,-4937,,1,0,0,1,1,0,,2.0,2,2,THURSDAY,13,0,0,0,0,0,0,XNA,,0.2638183224266144,0.4489622731076524,0.0082,,0.9791,,,0.0,0.069,0.0417,,0.0145,,0.0074,,,0.0084,,0.9791,,,0.0,0.069,0.0417,,0.0148,,0.0077,,,0.0083,,0.9791,,,0.0,0.069,0.0417,,0.0147,,0.0075,,,,block of flats,0.0065,Wooden,No,0.0,0.0,0.0,0.0,-988.0,0,0,0,0,1,0,0,0,0,0,0,0,0,0,0,0,0,0,0,0,0.0,0.0,0.0,0.0,1.0,3.0,3.2,0.16452,0.0514125,15.694525610175319,13.0,0.42857142857142855
313982,Cash loans,F,N,N,0,225000.0,283500.0,33772.5,283500.0,Family,Working,Secondary / secondary special,Married,With parents,0.00496,12167,-3217,-743.0,-4810,,1,1,0,1,0,0,Realty agents,2.0,2,2,TUESDAY,17,0,0,0,0,0,0,Self-employed,,0.6606574258777734,0.7209441499436497,0.1567,,0.9886,,,,,0.2083,,,,,,,0.1597,,0.9886,,,,,0.2083,,,,,,,0.1582,,0.9886,,,,,0.2083,,,,,,,,block of flats,0.1444,,No,4.0,0.0,4.0,0.0,-1483.0,0,1,0,0,0,0,0,0,0,0,0,0,0,0,0,0,0,0,0,0,0.0,0.0,0.0,0.0,0.0,5.0,1.26,0.1501,0.11912698412698412,-0.2644037149667132,13.0,0.6666666666666666
210157,Cash loans,F,N,Y,0,135000.0,198000.0,10237.5,198000.0,Unaccompanied,Pensioner,Higher education,Married,House / apartment,0.018801,21364,365243,-5426.0,-4302,,1,0,0,1,0,0,,2.0,2,2,WEDNESDAY,12,0,0,0,0,0,0,XNA,,0.4570832781651273,0.4740512892789932,0.0928,0.0742,0.9811,0.7416,0.0118,0.0,0.2069,0.1667,0.2083,0.0579,0.0756,0.0778,0.0,0.0,0.0945,0.077,0.9811,0.7517,0.012,0.0,0.2069,0.1667,0.2083,0.0592,0.0826,0.081,0.0,0.0,0.0937,0.0742,0.9811,0.7451,0.0119,0.0,0.2069,0.1667,0.2083,0.0589,0.077,0.0792,0.0,0.0,reg oper account,block of flats,0.0679,Panel,No,0.0,0.0,0.0,0.0,-813.0,0,1,0,0,0,0,0,0,0,0,0,0,0,0,0,0,0,0,0,0,0.0,0.0,0.0,0.0,1.0,2.0,1.4666666666666666,0.07583333333333334,0.051704545454545454,17.096189852087623,4.0,1.0
258841,Cash loans,F,Y,N,1,90000.0,479700.0,50503.5,450000.0,Unaccompanied,Commercial associate,Higher education,Married,Rented apartment,0.032561,9538,-1709,-2026.0,-1262,31.0,1,1,1,1,1,1,Sales staff,3.0,1,1,WEDNESDAY,10,0,0,0,0,0,0,Business Entity Type 3,0.482810117226201,0.5707360050115333,0.1745642655572634,0.0041,0.03,0.9692,0.5784,0.0,0.0,0.069,0.2083,0.25,0.0084,0.0034,0.0273,0.0,0.0433,0.0042,0.0311,0.9692,0.5949,0.0,0.0,0.069,0.2083,0.25,0.0086,0.0037,0.0284,0.0,0.0458,0.0042,0.03,0.9692,0.584,0.0,0.0,0.069,0.2083,0.25,0.0085,0.0034,0.0278,0.0,0.0442,reg oper account,block of flats,0.0362,"Stone, brick",No,0.0,0.0,0.0,0.0,-446.0,0,1,0,0,0,0,0,0,0,0,0,0,0,0,0,0,0,0,0,0,0.0,0.0,0.0,0.0,2.0,0.0,5.33,0.56115,0.10528142589118199,-0.17917802474313274,2.0,1.0
159915,Cash loans,M,N,Y,0,225000.0,296280.0,23539.5,225000.0,Unaccompanied,Commercial associate,Secondary / secondary special,Married,House / apartment,0.002506,17738,-1326,-7424.0,-1156,,1,1,0,1,0,0,Laborers,2.0,2,2,FRIDAY,1,0,0,0,0,0,0,Industry: type 3,,0.6501433131614156,0.5082869913916046,,,,,,,,,,,,,,,,,,,,,,,,,,,,,,,,,,,,,,,,,,,,,,,,0.0,0.0,0.0,0.0,-923.0,0,1,0,0,0,0,0,0,0,0,0,0,0,0,0,0,0,0,0,0,0.0,0.0,0.0,0.0,0.0,4.0,1.3168,0.10462,0.0794501822600243,-0.07475476378396663,15.0,0.5
251567,Cash loans,F,Y,Y,0,315000.0,675000.0,66892.5,675000.0,Family,Working,Incomplete higher,Married,House / apartment,0.04622,17011,-2819,-6353.0,-564,4.0,1,1,0,1,0,0,Sales staff,2.0,1,1,SATURDAY,13,0,0,0,0,1,1,Business Entity Type 3,,0.6183933588427776,0.4884551844437485,,,,,,,,,,,,,,,,,,,,,,,,,,,,,,,,,,,,,,,,,,,,,,,,0.0,0.0,0.0,0.0,-546.0,0,1,0,0,0,0,0,0,0,0,0,0,0,0,0,0,0,0,0,0,0.0,0.0,0.0,0.0,0.0,1.0,2.142857142857143,0.21235714285714286,0.0991,-0.16571630121685968,6.0,0.8333333333333334
340921,Cash loans,F,N,Y,0,94500.0,675000.0,25447.5,675000.0,Unaccompanied,Pensioner,Secondary / secondary special,Married,House / apartment,0.030755,23087,365243,-14515.0,-5086,,1,0,0,1,1,0,,2.0,2,2,SATURDAY,11,0,0,0,0,0,0,XNA,,0.7635024967479251,0.7713615919194317,0.0072,0.037,0.9513,0.3336,0.0,0.0,0.0,0.0417,0.0833,0.0,0.0042,0.0053,0.0077,0.0458,0.0074,0.0384,0.9513,0.3597,0.0,0.0,0.0,0.0417,0.0833,0.0,0.0046,0.0056,0.0078,0.0485,0.0073,0.037,0.9513,0.3425,0.0,0.0,0.0,0.0417,0.0833,0.0,0.0043,0.0054,0.0078,0.0467,reg oper account,block of flats,0.0142,"Stone, brick",No,0.0,0.0,0.0,0.0,-590.0,0,1,0,0,0,0,0,0,0,0,0,0,0,0,0,0,0,0,0,0,0.0,0.0,0.0,0.0,0.0,2.0,7.142857142857143,0.2692857142857143,0.0377,15.820288474033006,3.0,1.0
437097,Cash loans,F,N,N,0,135000.0,278460.0,25537.5,225000.0,Family,Working,Secondary / secondary special,Married,Municipal apartment,0.010966,10323,-2633,-3800.0,-2821,,1,1,0,1,0,0,,2.0,2,2,TUESDAY,12,0,0,0,0,0,0,Business Entity Type 3,,0.596644430175595,0.5797274227921155,,,,,,,,,,,,,,,,,,,,,,,,,,,,,,,,,,,,,,,,,,,,,,,,0.0,0.0,0.0,0.0,-1937.0,0,1,0,0,0,0,0,0,0,0,0,0,0,0,0,0,0,0,0,0,0.0,0.0,0.0,0.0,2.0,0.0,2.062666666666667,0.18916666666666668,0.09170976082740788,-0.25506151312602926,2.0,1.0
132319,Cash loans,M,Y,Y,0,207000.0,450000.0,28890.0,450000.0,Unaccompanied,Working,Secondary / secondary special,Married,Municipal apartment,0.010006,19840,-204,-55.0,-2537,11.0,1,1,1,1,0,0,Drivers,2.0,2,1,TUESDAY,10,0,0,0,0,0,0,Business Entity Type 3,0.2606707263120709,0.3991562773628159,0.6178261467332483,0.0428,0.0,0.9851,0.7959999999999999,0.0067,0.0,0.0345,0.0208,0.0625,0.0134,0.0349,0.0123,0.0,0.0,0.0242,0.0,0.9851,0.804,0.0001,0.0,0.0345,0.0,0.0417,0.0055,0.0211,0.0069999999999999,0.0,0.0,0.0432,0.0,0.9851,0.7987,0.0068,0.0,0.0345,0.0208,0.0625,0.0137,0.0355,0.0125,0.0,0.0,reg oper account,block of flats,0.0213,Wooden,No,0.0,0.0,0.0,0.0,-155.0,0,1,0,0,0,0,0,0,0,0,0,0,0,0,0,0,0,0,0,0,0.0,0.0,0.0,0.0,0.0,2.0,2.1739130434782608,0.13956521739130434,0.0642,-0.01028225806451613,5.0,1.0
338860,Cash loans,F,N,Y,1,247500.0,225000.0,13045.5,225000.0,Unaccompanied,Commercial associate,Secondary / secondary special,Civil marriage,House / apartment,0.018209,14994,-2219,-9023.0,-4233,,1,1,0,1,0,0,Laborers,3.0,3,3,MONDAY,7,0,0,0,0,0,0,Trade: type 7,0.2190853610509565,0.1287997728813394,0.11911906455945,0.332,0.2591,0.9836,0.7756,0.1599,0.36,0.3103,0.3333,0.375,0.1286,0.269,0.3534,0.0077,0.0116,0.3382,0.2688,0.9836,0.7844,0.1614,0.3625,0.3103,0.3333,0.375,0.1316,0.2938,0.3682,0.0078,0.0123,0.3352,0.2591,0.9836,0.7786,0.161,0.36,0.3103,0.3333,0.375,0.1309,0.2736,0.3598,0.0078,0.0119,reg oper account,block of flats,0.3654,Panel,No,3.0,0.0,3.0,0.0,0.0,0,1,0,0,0,0,0,0,0,0,0,0,0,0,0,0,0,0,0,0,0.0,0.0,0.0,0.0,0.0,1.0,0.9090909090909091,0.05270909090909091,0.05798,-0.14799253034547152,6.0,1.0
112356,Cash loans,F,N,N,0,112500.0,157500.0,18819.0,157500.0,"Spouse, partner",Working,Higher education,Married,House / apartment,0.006296,11230,-1610,-1460.0,-1488,,1,1,0,1,0,0,,2.0,3,3,TUESDAY,11,0,0,0,1,1,0,Business Entity Type 3,0.4380484392926004,0.4398579473811909,0.1419915427739129,,,,,,,,,,,,,,,,,,,,,,,,,,,,,,,,,,,,,,,,,,,,,,,,0.0,0.0,0.0,0.0,-1314.0,0,1,0,0,0,0,0,0,0,0,0,0,0,0,0,0,0,0,0,0,0.0,0.0,0.0,0.0,0.0,4.0,1.4,0.16728,0.11948571428571429,-0.1433659839715049,3.0,1.0
406045,Cash loans,F,N,N,0,157500.0,585000.0,39091.5,585000.0,Unaccompanied,Working,Secondary / secondary special,Single / not married,Rented apartment,0.019101,8927,-832,-2760.0,-1619,,1,1,1,1,0,0,Waiters/barmen staff,1.0,2,2,TUESDAY,18,1,1,0,1,1,0,Business Entity Type 3,0.1722767591583228,0.6259753055369675,0.3996756156233169,,,,,,,,,,,,,,,,,,,,,,,,,,,,,,,,,,,,,,,,,,,,,,,,1.0,0.0,1.0,0.0,-737.0,0,1,0,0,0,0,0,0,0,0,0,0,0,0,0,0,0,0,0,0,0.0,0.0,0.0,0.0,2.0,1.0,3.7142857142857144,0.2482,0.06682307692307693,-0.09320040327097569,1.0,1.0
127415,Cash loans,F,N,Y,0,81000.0,62554.5,7551.0,54000.0,,Pensioner,Secondary / secondary special,Widow,House / apartment,0.022625,24041,365243,-12602.0,-4457,,1,0,0,1,0,0,,1.0,2,2,MONDAY,10,0,0,0,0,0,0,XNA,,0.6685633613606587,,,,,,,,,,,,,,,,,,,,,,,,,,,,,,,,,,,,,,,,,,,,,,,,,0.0,0.0,0.0,0.0,-17.0,0,1,0,0,0,0,0,0,0,0,0,0,0,0,0,0,0,0,0,0,0.0,0.0,0.0,0.0,1.0,0.0,0.7722777777777777,0.09322222222222222,0.1207107402345155,15.192504471527807,1.0,1.0
434024,Cash loans,F,N,Y,1,225000.0,601470.0,30838.5,450000.0,Unaccompanied,Working,Lower secondary,Married,House / apartment,0.018801,13185,-616,-7254.0,-5244,,1,1,0,1,0,1,,3.0,2,2,SUNDAY,9,0,0,0,0,0,0,Security,0.450627610857068,0.5019262212540726,,0.0773,0.076,0.9762,0.6736,0.0336,0.0,0.1724,0.1667,0.0417,0.0684,,0.0647,,0.0,0.0788,0.0789,0.9762,0.6864,0.0339,0.0,0.1724,0.1667,0.0417,0.07,,0.0674,,0.0,0.0781,0.076,0.9762,0.6779999999999999,0.0338,0.0,0.1724,0.1667,0.0417,0.0696,,0.0659,,0.0,reg oper spec account,block of flats,0.0693,Panel,No,4.0,0.0,4.0,0.0,-427.0,0,1,0,0,0,0,0,0,0,0,0,0,0,0,0,0,0,0,0,0,,,,,,,2.6732,0.13706,0.05127188388448302,-0.04671975729996208,5.0,1.0
113397,Cash loans,F,Y,N,0,270000.0,573057.0,44347.5,531000.0,Family,Working,Incomplete higher,Married,House / apartment,0.016612,12591,-2462,-679.0,-1810,4.0,1,1,1,1,1,0,,2.0,2,2,SUNDAY,10,0,0,0,0,0,0,Self-employed,0.4592175105639462,0.2858978721410488,0.7352209993926424,,,,,,,,,,,,,,,,,,,,,,,,,,,,,,,,,,,,,,,,,,,,,,,,7.0,2.0,7.0,1.0,-1507.0,0,1,0,0,0,0,0,0,0,0,0,0,0,0,0,0,0,0,0,0,0.0,0.0,0.0,0.0,0.0,6.0,2.1224333333333334,0.16425,0.07738758971620624,-0.19553649432134065,5.0,0.5
199325,Cash loans,F,N,Y,0,202500.0,450000.0,23107.5,450000.0,Unaccompanied,Working,Secondary / secondary special,Single / not married,House / apartment,0.072508,19907,-2786,-12676.0,-3374,,1,1,0,1,0,1,,1.0,1,1,THURSDAY,12,0,0,0,0,0,0,Business Entity Type 3,0.6736918840220295,0.7228272443520909,0.4206109640437848,0.2299,0.1115,0.9821,0.7552,0.2987,0.24,0.2069,0.3333,0.375,0.0,0.1757,0.2076,0.0541,0.0105,0.2342,0.1157,0.9821,0.7648,0.3014,0.2417,0.2069,0.3333,0.375,0.0,0.1919,0.2163,0.0545,0.0111,0.2321,0.1115,0.9821,0.7585,0.3006,0.24,0.2069,0.3333,0.375,0.0,0.1787,0.2114,0.0543,0.0107,reg oper account,block of flats,0.0917,Panel,No,2.0,0.0,2.0,0.0,-1171.0,0,1,0,0,0,0,0,0,0,0,0,0,0,0,0,0,0,0,0,0,0.0,0.0,0.0,0.0,0.0,4.0,2.2222222222222223,0.11411111111111111,0.05135,-0.1399507710855478,5.0,0.75
399160,Cash loans,F,N,N,0,90000.0,900000.0,38133.0,900000.0,Unaccompanied,Working,Secondary / secondary special,Married,House / apartment,0.008625,15362,-3914,-8352.0,-4002,,1,1,1,1,0,0,Managers,2.0,2,2,MONDAY,12,0,0,0,0,0,0,Business Entity Type 2,0.8738532497055471,0.5999449415455516,0.5867400085415683,0.3289,,0.9781,,,,0.2069,0.1667,,0.0387,,,,0.0,0.3351,,0.9782,,,,0.2069,0.1667,,0.0395,,,,0.0,0.3321,,0.9781,,,,0.2069,0.1667,,0.0393,,,,0.0,,,0.1069,"Stone, brick",No,0.0,0.0,0.0,0.0,-2433.0,0,1,0,0,0,0,0,0,0,0,0,0,0,0,0,0,0,0,0,0,0.0,0.0,0.0,0.0,0.0,2.0,10.0,0.4237,0.04237,-0.25478453326389794,2.0,1.0
270883,Cash loans,M,Y,Y,0,180000.0,360000.0,28570.5,360000.0,Unaccompanied,Working,Higher education,Civil marriage,House / apartment,0.028663,21984,-1354,-5626.0,-4868,6.0,1,1,0,1,0,0,Laborers,2.0,2,2,TUESDAY,11,0,0,0,0,0,0,Business Entity Type 3,,0.5373693701631641,0.3859146722745145,0.1474,0.1447,0.9881,0.8368,0.0189,0.16,0.1379,0.3333,0.375,0.0629,0.1152,0.1511,0.0232,0.0259,0.1502,0.1502,0.9881,0.8432,0.0191,0.1611,0.1379,0.3333,0.375,0.0643,0.1258,0.1575,0.0233,0.0274,0.1489,0.1447,0.9881,0.8390000000000001,0.0191,0.16,0.1379,0.3333,0.375,0.064,0.1171,0.1539,0.0233,0.0264,reg oper account,block of flats,0.1349,"Stone, brick",No,1.0,1.0,1.0,1.0,-231.0,0,1,0,0,0,0,0,0,0,0,0,0,0,0,0,0,0,0,0,0,0.0,0.0,0.0,0.0,0.0,2.0,2.0,0.158725,0.0793625,-0.06159024745269287,1.0,1.0
255013,Cash loans,F,N,Y,0,90000.0,247500.0,19683.0,247500.0,Unaccompanied,Working,Secondary / secondary special,Civil marriage,House / apartment,0.007114,8856,-311,-1283.0,-1515,,1,1,0,1,0,0,Medicine staff,2.0,2,2,MONDAY,11,0,0,0,0,0,0,Other,0.0512678933099629,0.6126646818092386,,0.0247,0.0528,0.998,0.9728,0.004,0.0,0.069,0.0417,0.0833,0.0625,0.0202,0.0203,0.0,0.0,0.0252,0.0548,0.998,0.9739,0.004,0.0,0.069,0.0417,0.0833,0.0636,0.022,0.0212,0.0,0.0,0.025,0.0528,0.998,0.9732,0.004,0.0,0.069,0.0417,0.0833,0.0636,0.0205,0.0207,0.0,0.0,reg oper account,block of flats,0.016,Block,No,0.0,0.0,0.0,0.0,-433.0,0,1,0,0,0,0,0,0,0,0,0,0,0,0,0,0,0,0,0,0,,,,,,,2.75,0.2187,0.07952727272727272,-0.03511743450767841,12.0,0.4
408615,Cash loans,M,Y,Y,0,157500.0,156384.0,16551.0,135000.0,Other_B,Working,Secondary / secondary special,Married,House / apartment,0.020713,9908,-164,-4419.0,-2487,10.0,1,1,1,1,1,0,Laborers,2.0,3,3,THURSDAY,10,0,0,0,1,1,1,Business Entity Type 3,,0.2114544803982161,0.5136937663039473,,,,,,,,,,,,,,,,,,,,,,,,,,,,,,,,,,,,,,,,,,,,,,,,0.0,0.0,0.0,0.0,-870.0,0,1,0,0,0,0,0,0,0,0,0,0,0,0,0,0,0,0,0,0,0.0,0.0,0.0,0.0,1.0,3.0,0.9929142857142857,0.10508571428571428,0.10583563535911603,-0.016552280985062576,2.0,1.0
174913,Cash loans,M,Y,N,2,202500.0,280170.0,28836.0,247500.0,Unaccompanied,Working,Higher education,Married,House / apartment,0.00496,11419,-2307,-3397.0,-3382,19.0,1,1,0,1,0,0,Laborers,4.0,2,2,THURSDAY,16,0,0,0,0,0,0,Business Entity Type 3,0.1596949139838188,0.4165558524965024,0.511891801533151,0.0103,,0.9419,,,,,0.0417,,,,0.0057,,,0.0105,,0.9419,,,,,0.0417,,,,0.006,,,0.0104,,0.9419,,,,,0.0417,,,,0.0058,,,,block of flats,0.0057,,No,0.0,0.0,0.0,0.0,-554.0,0,0,0,0,0,0,1,0,0,0,0,0,0,0,0,0,0,0,0,0,0.0,0.0,0.0,0.0,1.0,1.0,1.3835555555555556,0.1424,0.10292322518470928,-0.20203170155004815,2.0,1.0
391276,Cash loans,M,Y,N,2,202500.0,382500.0,24444.0,382500.0,Unaccompanied,Working,Secondary / secondary special,Married,With parents,0.009334,9928,-1458,-318.0,-2558,5.0,1,1,0,1,0,0,Laborers,4.0,2,2,THURSDAY,12,0,0,0,0,0,0,Business Entity Type 3,0.10986206135757,0.5211352340866257,0.5919766183185521,0.1031,0.0888,0.9786,,,0.0,0.2069,0.1667,,0.1062,,0.0938,,0.0,0.105,0.0922,0.9786,,,0.0,0.2069,0.1667,,0.1086,,0.0977,,0.0,0.1041,0.0888,0.9786,,,0.0,0.2069,0.1667,,0.108,,0.0955,,0.0,,block of flats,0.0811,Panel,No,1.0,0.0,1.0,0.0,-525.0,0,0,0,0,0,0,1,0,0,0,0,0,0,0,0,0,0,0,0,0,0.0,0.0,0.0,0.0,1.0,1.0,1.8888888888888888,0.12071111111111112,0.06390588235294117,-0.1468573730862208,3.0,1.0
339905,Cash loans,M,N,N,0,180000.0,817560.0,29362.5,675000.0,Unaccompanied,Working,Secondary / secondary special,Married,House / apartment,0.0060079999999999,18031,-3670,-10584.0,-1561,,1,1,0,1,1,0,Drivers,2.0,2,2,MONDAY,15,0,0,0,0,0,0,Self-employed,,0.6595436779932847,,,,,,,,,,,,,,,,,,,,,,,,,,,,,,,,,,,,,,,,,,,,,,,,,0.0,0.0,0.0,0.0,-674.0,0,1,0,0,0,0,0,0,0,0,0,0,0,0,0,0,0,0,0,0,,,,,,,4.542,0.163125,0.03591479524438573,-0.20353835061837947,1.0,1.0
167230,Cash loans,F,N,Y,0,90000.0,165915.0,12204.0,126000.0,Unaccompanied,Working,Secondary / secondary special,Married,Municipal apartment,0.010032,22488,-1258,-13200.0,-4303,,1,1,0,1,0,0,,2.0,2,2,TUESDAY,4,0,0,0,0,0,0,Business Entity Type 3,,0.3745710881051857,0.5424451438613613,,,0.9667,,,,0.069,0.0417,,0.0101,,0.0115,,,,,0.9687,,,,0.0345,0.0417,,0.0068,,0.0079,,,,,0.9687,,,,0.0345,0.0417,,0.0068,,0.0078,,,,block of flats,0.0169,Wooden,Yes,4.0,1.0,4.0,0.0,-1722.0,0,0,0,0,1,0,0,0,0,0,0,0,0,0,0,0,0,0,0,0,0.0,0.0,0.0,0.0,1.0,5.0,1.8435,0.1356,0.07355573637103337,-0.05594094628246176,9.0,0.6666666666666666
126238,Cash loans,F,N,Y,0,225000.0,880780.5,28543.5,715500.0,Unaccompanied,Pensioner,Secondary / secondary special,Single / not married,House / apartment,0.020246,21785,365243,-10963.0,-2402,,1,0,0,1,0,1,,1.0,3,3,TUESDAY,6,0,0,0,0,0,0,XNA,0.8154032231993766,0.4451662063936159,0.3360615207658242,0.0206,0.0768,0.9717,0.6124,0.0059,0.0,0.1379,0.0833,0.125,0.0402,0.0155,0.0226,0.0058,0.0581,0.021,0.0793,0.9717,0.6276,0.0057,0.0,0.1379,0.0833,0.125,0.0358,0.0165,0.023,0.0039,0.0488,0.0208,0.0768,0.9717,0.6176,0.0059,0.0,0.1379,0.0833,0.125,0.0409,0.0158,0.023,0.0058,0.0593,reg oper account,block of flats,0.0304,"Stone, brick",No,0.0,0.0,0.0,0.0,-2384.0,0,0,0,0,1,0,0,0,0,0,0,0,0,0,0,0,0,0,0,0,0.0,0.0,0.0,0.0,1.0,4.0,3.91458,0.12686,0.03240705260845352,16.765802157447784,11.0,0.9
138177,Cash loans,F,Y,Y,1,58500.0,59256.0,4680.0,45000.0,Unaccompanied,Commercial associate,Higher education,Civil marriage,House / apartment,0.00712,11170,-563,-1004.0,-3562,17.0,1,1,0,1,0,0,,3.0,2,2,MONDAY,10,0,0,0,0,0,0,Other,0.5989550304622382,0.3906340300631071,0.3046721837533529,,,,,,,,,,,,,,,,,,,,,,,,,,,,,,,,,,,,,,,,,,,,,,,,3.0,0.0,3.0,0.0,-1366.0,0,1,0,0,0,0,0,0,0,0,0,0,0,0,0,0,0,0,0,0,0.0,0.0,0.0,0.0,3.0,0.0,1.0129230769230768,0.08,0.07897934386391252,-0.050402864816472694,9.0,0.75
275836,Cash loans,F,N,Y,0,67500.0,149256.0,15291.0,135000.0,Unaccompanied,Pensioner,Secondary / secondary special,Married,Municipal apartment,0.008625,23243,365243,-10171.0,-4567,,1,0,0,1,0,0,,2.0,2,2,TUESDAY,10,0,0,0,0,0,0,XNA,0.7374536529337087,0.4370420959725645,0.6754132910917112,0.2577,0.1909,0.9861,0.8096,0.0641,0.28,0.2414,0.3333,0.375,0.2168,0.2101,0.2657,0.0,0.0,0.2626,0.1981,0.9861,0.8171,0.0647,0.282,0.2414,0.3333,0.375,0.2218,0.2296,0.2769,0.0,0.0,0.2602,0.1909,0.9861,0.8121,0.0645,0.28,0.2414,0.3333,0.375,0.2206,0.2138,0.2705,0.0,0.0,reg oper account,block of flats,0.2441,Panel,No,0.0,0.0,0.0,0.0,-207.0,0,1,0,0,0,0,0,0,0,0,0,0,0,0,0,0,0,0,0,0,0.0,0.0,0.0,0.0,0.0,1.0,2.2112,0.22653333333333334,0.10244814278822961,15.714107473217743,2.0,1.0
212511,Cash loans,M,Y,Y,1,135000.0,99504.0,10323.0,90000.0,Unaccompanied,Working,Higher education,Married,House / apartment,0.0084739999999999,11192,-1068,-2377.0,-3557,11.0,1,1,0,1,0,0,Managers,3.0,2,2,TUESDAY,10,0,0,0,0,1,1,Industry: type 9,0.3528593480738268,0.5292327990624901,0.8083935912119442,,,,,,,,,,,,,,,,,,,,,,,,,,,,,,,,,,,,,,,,,,,,,,,,2.0,0.0,2.0,0.0,-658.0,0,0,0,0,0,0,1,0,0,0,0,0,0,0,0,0,0,0,0,0,0.0,0.0,0.0,0.0,0.0,0.0,0.7370666666666666,0.07646666666666667,0.10374457308248915,-0.0954253037884203,4.0,1.0
356648,Cash loans,M,Y,Y,0,225000.0,746280.0,59094.0,675000.0,Unaccompanied,Commercial associate,Secondary / secondary special,Married,House / apartment,0.018801,10402,-301,-4484.0,-3081,4.0,1,1,0,1,0,0,Drivers,2.0,2,2,FRIDAY,7,0,0,0,0,0,0,Business Entity Type 3,0.5482419768265182,0.4547833234222842,0.4188542886233217,,,,,,,,,,,,,,,,,,,,,,,,,,,,,,,,,,,,,,,,,,,,,,,,0.0,0.0,0.0,0.0,-78.0,0,1,0,0,0,0,0,0,0,0,0,0,0,0,0,0,0,0,0,0,0.0,0.0,0.0,0.0,0.0,1.0,3.3168,0.26264,0.07918475639170285,-0.028936742934051143,4.0,1.0
228661,Cash loans,M,N,Y,0,126000.0,674842.5,53446.5,576000.0,Unaccompanied,Working,Secondary / secondary special,Married,House / apartment,0.020713,18041,-852,-69.0,-1471,,1,1,0,1,0,0,Laborers,2.0,3,3,WEDNESDAY,12,0,0,0,0,1,1,Business Entity Type 3,,0.636278775432291,0.5460231970049609,0.2639,0.1305,0.9995,0.9932,0.0737,0.2,0.1724,0.375,0.0,0.1169,0.2152,0.2456,0.0,0.0,0.2689,0.1354,0.9995,0.9935,0.0743,0.2014,0.1724,0.375,0.0,0.1196,0.2351,0.2559,0.0,0.0,0.2665,0.1305,0.9995,0.9933,0.0741,0.2,0.1724,0.375,0.0,0.119,0.2189,0.25,0.0,0.0,not specified,block of flats,0.2559,Panel,No,0.0,0.0,0.0,0.0,-1777.0,0,1,0,0,0,0,0,0,0,0,0,0,0,0,0,0,0,0,0,0,0.0,0.0,0.0,0.0,0.0,0.0,5.355892857142857,0.4241785714285714,0.07919847964525056,-0.04722576353860651,13.0,0.6
408399,Cash loans,M,Y,N,0,180000.0,1572750.0,48946.5,1350000.0,Unaccompanied,Working,Higher education,Married,House / apartment,0.0096569999999999,20704,-1709,-1347.0,-4258,5.0,1,1,0,1,0,0,Laborers,2.0,2,2,SATURDAY,10,0,0,0,1,1,0,Housing,,0.6574882001591088,0.6674577419214722,,,,,,,,,,,,,,,,,,,,,,,,,,,,,,,,,,,,,,,,,,,,,,,,0.0,0.0,0.0,0.0,-2543.0,0,1,0,0,0,0,0,0,0,0,0,0,0,0,0,0,0,0,0,0,0.0,0.0,0.0,0.0,0.0,0.0,8.7375,0.271925,0.031121602288984262,-0.08254443585780526,1.0,1.0
283519,Cash loans,F,N,N,0,103500.0,431280.0,18270.0,360000.0,Unaccompanied,Pensioner,Lower secondary,Widow,House / apartment,0.0088659999999999,21549,365243,-3269.0,-4474,,1,0,0,1,0,0,,1.0,2,2,MONDAY,14,0,0,0,0,0,0,XNA,,0.6858738152929095,0.5531646987710016,0.0052,0.0,0.9876,0.83,0.0016,0.0,0.0345,0.0417,0.0,0.0,0.0042,0.0041,0.0,0.0,0.0053,0.0,0.9876,0.8367,0.0016,0.0,0.0345,0.0417,0.0,0.0,0.0046,0.0042,0.0,0.0,0.0052,0.0,0.9876,0.8323,0.0016,0.0,0.0345,0.0417,0.0,0.0,0.0043,0.0041,0.0,0.0,reg oper account,block of flats,0.004,Wooden,No,1.0,0.0,1.0,0.0,-2575.0,0,0,0,0,1,0,0,0,0,0,0,0,0,0,0,0,0,0,0,0,0.0,0.0,0.0,0.0,0.0,0.0,4.16695652173913,0.17652173913043478,0.04236227045075125,16.949417606385445,5.0,1.0
322845,Cash loans,F,Y,Y,0,202500.0,819000.0,41944.5,819000.0,Unaccompanied,Working,Higher education,Married,House / apartment,0.028663,10806,-2833,-2151.0,-2460,2.0,1,1,0,1,0,1,Accountants,2.0,2,2,THURSDAY,12,0,0,0,0,0,0,Industry: type 5,0.6754150872120814,0.3873129476146801,0.6528965519806539,0.1337,0.1117,0.9811,0.7416,0.07,0.1064,0.1379,0.2775,0.3192,0.0713,0.1056,0.1293,0.0154,0.0791,0.0882,0.0346,0.9777,0.706,0.0444,0.0,0.069,0.3333,0.375,0.0494,0.0735,0.0726,0.0078,0.0096,0.1051,0.0865,0.9791,0.7182,0.0667,0.08,0.1379,0.3333,0.375,0.0654,0.0847,0.1175,0.0155,0.0532,reg oper account,block of flats,0.2523,"Stone, brick",No,6.0,2.0,6.0,1.0,-1912.0,0,1,0,0,0,0,0,0,0,0,0,0,0,0,0,0,0,0,0,0,0.0,0.0,0.0,0.0,1.0,1.0,4.044444444444444,0.20713333333333334,0.05121428571428571,-0.26216916527854894,5.0,1.0
344256,Cash loans,M,Y,Y,2,450000.0,1460691.0,60282.0,1363500.0,Unaccompanied,Commercial associate,Higher education,Married,House / apartment,0.006233,14718,-3685,-3638.0,-4334,17.0,1,1,0,1,0,1,Managers,4.0,2,2,WEDNESDAY,14,0,0,0,0,1,1,Self-employed,,0.5733912515625029,0.2164029605152194,0.0464,0.0512,0.9851,0.7959999999999999,0.0083,0.0,0.1034,0.1667,0.0417,0.0376,0.0378,0.0411,0.0,0.0012,0.0473,0.0532,0.9851,0.804,0.0083,0.0,0.1034,0.1667,0.0417,0.0384,0.0413,0.0428,0.0,0.0012,0.0468,0.0512,0.9851,0.7987,0.0083,0.0,0.1034,0.1667,0.0417,0.0382,0.0385,0.0418,0.0,0.0012,reg oper spec account,block of flats,0.0371,Panel,No,5.0,0.0,5.0,0.0,0.0,0,1,0,0,0,0,0,0,0,0,0,0,0,0,0,0,0,0,0,0,0.0,0.0,0.0,0.0,0.0,0.0,3.24598,0.13396,0.041269508746203,-0.25037369207772797,3.0,1.0
291512,Cash loans,F,N,Y,1,90000.0,260640.0,27499.5,225000.0,Unaccompanied,Working,Secondary / secondary special,Married,House / apartment,0.010147,13835,-1507,-613.0,-4163,,1,1,0,1,0,1,,3.0,2,2,TUESDAY,15,0,0,0,0,0,0,Business Entity Type 2,0.4739432575714035,0.2680486678687666,,0.1227,,0.9771,0.6872,,0.0,0.2069,0.1667,0.0417,0.0628,0.1,0.0914,0.0,,0.125,,0.9772,0.6994,,0.0,0.2069,0.1667,0.0417,0.0642,0.1093,0.0953,0.0,,0.1239,,0.9771,0.6914,,0.0,0.2069,0.1667,0.0417,0.0639,0.1018,0.0931,0.0,,reg oper account,block of flats,0.0719,"Stone, brick",No,0.0,0.0,0.0,0.0,0.0,0,1,0,0,0,0,0,0,0,0,0,0,0,0,0,0,0,0,0,0,,,,,,,2.896,0.30555,0.10550759668508287,-0.10892663534513913,1.0,1.0
319099,Cash loans,F,Y,Y,0,135000.0,552555.0,28341.0,477000.0,Unaccompanied,Working,Secondary / secondary special,Married,House / apartment,0.020713,17287,-3094,-8095.0,-816,12.0,1,1,0,1,0,0,Managers,2.0,3,3,FRIDAY,14,0,0,0,0,0,0,Postal,0.3891633652473675,0.5349384494514994,0.5762088360175724,0.0665,0.0825,0.9786,0.7076,0.0341,0.0,0.1379,0.1667,0.2083,0.054,0.05,0.0618,0.0193,0.0364,0.0588,0.0799,0.9762,0.6864,0.0324,0.0,0.1379,0.1667,0.2083,0.051,0.0478,0.0556,0.0156,0.0275,0.0671,0.0825,0.9786,0.7115,0.0343,0.0,0.1379,0.1667,0.2083,0.0549,0.0509,0.0629,0.0194,0.0371,reg oper account,block of flats,0.0521,Panel,No,0.0,0.0,0.0,0.0,-468.0,0,1,0,0,0,0,0,0,0,0,0,0,0,0,0,0,0,0,0,0,0.0,0.0,0.0,0.0,1.0,2.0,4.093,0.20993333333333333,0.05129082172815376,-0.17897842309249726,6.0,0.75
163970,Cash loans,F,N,N,0,135000.0,312003.0,17055.0,211500.0,Unaccompanied,Working,Secondary / secondary special,Civil marriage,House / apartment,0.035792,16275,-1366,-7518.0,-5238,,1,1,0,1,0,0,Sales staff,2.0,2,2,FRIDAY,17,0,0,0,0,0,0,Business Entity Type 3,0.5979864112563403,0.6964641183681664,0.7713615919194317,,,,,,,,,,,,,,,,,,,,,,,,,,,,,,,,,,,,,,,,,,,,,,,,0.0,0.0,0.0,0.0,-3463.0,0,1,0,0,0,0,0,0,0,0,0,0,0,0,0,0,0,0,0,0,0.0,0.0,0.0,0.0,0.0,0.0,2.3111333333333333,0.12633333333333333,0.054662935933308336,-0.08393241167434716,5.0,1.0
187085,Cash loans,F,N,Y,0,450000.0,1125000.0,39235.5,1125000.0,Unaccompanied,Pensioner,Secondary / secondary special,Single / not married,House / apartment,0.011703,21292,365243,-8489.0,-4830,,1,0,0,1,1,0,,1.0,2,2,TUESDAY,17,0,0,0,0,0,0,XNA,,0.5409933815229654,0.5726825047161584,0.1237,0.0482,0.9881,0.8368,0.0324,0.12,0.1034,0.375,0.4167,0.0677,0.1009,0.1394,0.0,0.0018,0.1261,0.05,0.9881,0.8432,0.0327,0.1208,0.1034,0.375,0.4167,0.0693,0.1102,0.1452,0.0,0.0019,0.1249,0.0482,0.9881,0.8390000000000001,0.0326,0.12,0.1034,0.375,0.4167,0.0689,0.1026,0.1419,0.0,0.0019,reg oper spec account,block of flats,0.1273,Panel,No,2.0,0.0,2.0,0.0,-2875.0,0,1,0,0,0,0,0,0,0,0,0,0,0,0,0,0,0,0,0,0,0.0,0.0,0.0,0.0,1.0,1.0,2.5,0.08719,0.034876,17.154001502911893,6.0,0.6666666666666666
272035,Cash loans,F,Y,Y,0,450000.0,490495.5,34267.5,454500.0,Unaccompanied,Working,Secondary / secondary special,Married,House / apartment,0.04622,18784,-1825,-12862.0,-2317,4.0,1,1,1,1,0,0,Managers,2.0,1,1,TUESDAY,14,0,0,0,0,0,0,Business Entity Type 3,,0.7004708986295811,0.6894791426446275,0.1031,0.0928,0.9801,0.728,0.1787,0.0,0.2069,0.1667,0.0417,0.0,0.0841,0.0892,0.0,0.0928,0.105,0.0963,0.9801,0.7387,0.1803,0.0,0.2069,0.1667,0.0417,0.0,0.0918,0.093,0.0,0.0983,0.1041,0.0928,0.9801,0.7316,0.1798,0.0,0.2069,0.1667,0.0417,0.0,0.0855,0.0909,0.0,0.0948,reg oper account,block of flats,0.0977,"Stone, brick",No,0.0,0.0,0.0,0.0,-500.0,0,0,0,0,0,0,1,0,0,0,0,0,0,0,0,0,0,0,0,0,0.0,0.0,0.0,0.0,0.0,1.0,1.08999,0.07615,0.06986302626629602,-0.09715715502555367,1.0,1.0
132882,Cash loans,F,N,Y,0,67500.0,135000.0,14175.0,135000.0,Unaccompanied,Pensioner,Secondary / secondary special,Single / not married,House / apartment,0.00733,21094,365243,-2511.0,-2243,,1,0,0,1,0,0,,1.0,2,2,MONDAY,10,0,0,0,0,0,0,XNA,,0.582730159694299,0.7366226976503176,,,,,,,,,,,,,,,,,,,,,,,,,,,,,,,,,,,,,,,,,,,,,,,,1.0,0.0,1.0,0.0,0.0,0,0,0,0,1,0,0,0,0,0,0,0,0,0,0,0,0,0,0,0,0.0,0.0,0.0,0.0,0.0,1.0,2.0,0.21,0.105,17.315018488669764,2.0,1.0
346657,Cash loans,F,Y,Y,0,247500.0,203985.0,21559.5,184500.0,Unaccompanied,Pensioner,Secondary / secondary special,Widow,House / apartment,0.019101,21772,365243,-4221.0,-5145,9.0,1,0,0,1,0,0,,1.0,2,2,FRIDAY,10,0,0,0,0,0,0,XNA,0.8206101574847487,0.7039097121474709,0.3201633668633456,,,,,,,,,,,,,,,,,,,,,,,,,,,,,,,,,,,,,,,,,,,,,,,,0.0,0.0,0.0,0.0,-2255.0,0,0,0,0,1,0,0,0,0,0,0,0,0,0,0,0,0,0,0,0,0.0,0.0,0.0,0.0,1.0,8.0,0.8241818181818181,0.08710909090909091,0.10569159497021839,16.77581297078817,8.0,1.0
186927,Cash loans,F,N,N,0,157500.0,900000.0,48955.5,900000.0,Unaccompanied,Working,Higher education,Married,House / apartment,0.018209,13870,-2624,-4662.0,-4973,,1,1,0,1,1,0,Managers,2.0,3,3,THURSDAY,10,0,0,0,0,0,0,Business Entity Type 3,,0.4813138075388845,0.5867400085415683,0.0619,0.0618,0.9786,0.7076,0.0074,0.0,0.1379,0.1667,0.0417,0.0557,0.0504,0.0535,0.0,0.0,0.063,0.0641,0.9786,0.7190000000000001,0.0074,0.0,0.1379,0.1667,0.0417,0.057,0.0551,0.0557,0.0,0.0,0.0625,0.0618,0.9786,0.7115,0.0074,0.0,0.1379,0.1667,0.0417,0.0567,0.0513,0.0544,0.0,0.0,reg oper spec account,block of flats,0.0461,Panel,No,1.0,0.0,1.0,0.0,-1776.0,0,1,0,0,0,0,0,0,0,0,0,0,0,0,0,0,0,0,0,0,0.0,0.0,0.0,0.0,1.0,1.0,5.714285714285714,0.31082857142857145,0.054395,-0.1891852919971161,6.0,1.0
187069,Cash loans,M,Y,N,1,337500.0,1800000.0,56002.5,1800000.0,Unaccompanied,State servant,Higher education,Married,House / apartment,0.019101,10936,-262,-840.0,-3622,2.0,1,1,0,1,0,0,Managers,3.0,2,2,WEDNESDAY,15,0,0,0,0,0,0,Trade: type 2,,0.65792142685663,0.6894791426446275,,,,,,,,,,,,,,,,,,,,,,,,,,,,,,,,,,,,,,,,,,,,,,,,1.0,0.0,1.0,0.0,-685.0,0,1,0,0,0,0,0,0,0,0,0,0,0,0,0,0,0,0,0,0,0.0,0.0,0.0,0.0,1.0,0.0,5.333333333333333,0.16593333333333332,0.0311125,-0.0239575713240673,1.0,1.0
143860,Cash loans,F,N,Y,0,135000.0,526491.0,22437.0,454500.0,Unaccompanied,Commercial associate,Higher education,Widow,House / apartment,0.030755,19346,-879,-13062.0,-2895,,1,1,0,1,0,0,Accountants,1.0,2,2,SATURDAY,13,0,0,0,0,0,0,School,0.7614937878386319,0.6832957049757933,0.5585066276769286,0.066,0.0787,0.9757,,,0.0,0.1379,0.1667,0.2083,0.0,,0.0507,,0.0193,0.0672,0.0816,0.9757,,,0.0,0.1379,0.1667,0.2083,0.0,,0.0528,,0.0205,0.0666,0.0787,0.9757,,,0.0,0.1379,0.1667,0.2083,0.0,,0.0516,,0.0197,reg oper spec account,block of flats,0.0661,"Stone, brick",No,0.0,0.0,0.0,0.0,-374.0,0,1,0,0,0,0,0,0,0,0,0,0,0,0,0,0,0,0,0,0,0.0,0.0,0.0,0.0,0.0,0.0,3.8999333333333333,0.1662,0.042616113095950356,-0.0454357489920397,4.0,1.0
452906,Cash loans,M,Y,Y,0,211500.0,819792.0,39568.5,720000.0,Unaccompanied,Commercial associate,Secondary / secondary special,Single / not married,House / apartment,0.00702,10172,-1645,-2774.0,-2790,1.0,1,1,0,1,0,0,Sales staff,1.0,2,2,MONDAY,10,0,0,0,0,0,0,Self-employed,,0.0735871929358907,0.5656079814115492,0.0598,0.0461,0.9742,0.6464,,,0.1379,0.125,,0.0653,,0.0461,,,0.0609,0.0478,0.9742,0.6602,,,0.1379,0.125,,0.0668,,0.0481,,,0.0604,0.0461,0.9742,0.6511,,,0.1379,0.125,,0.0665,,0.047,,,reg oper account,block of flats,0.0435,"Stone, brick",No,0.0,0.0,0.0,0.0,0.0,0,1,0,0,0,0,0,0,0,0,0,0,0,0,0,0,0,0,0,0,0.0,0.0,0.0,0.0,0.0,0.0,3.8760851063829787,0.18708510638297873,0.048266511505357455,-0.16171844278411326,7.0,1.0
168731,Cash loans,M,Y,Y,0,112500.0,468333.0,37129.5,382500.0,Unaccompanied,Pensioner,Secondary / secondary special,Married,House / apartment,0.031329,18093,365243,-7302.0,-1572,5.0,1,0,0,1,0,0,,2.0,2,2,WEDNESDAY,10,0,0,0,0,0,0,XNA,0.6919083960239164,0.574423308734911,0.3723336657058204,,,,,,,,,,,,,,,,,,,,,,,,,,,,,,,,,,,,,,,,,,,,,,,,2.0,0.0,2.0,0.0,-1567.0,0,1,0,0,0,0,0,0,0,0,0,0,0,0,0,0,0,0,0,0,0.0,0.0,0.0,0.0,1.0,2.0,4.16296,0.33004,0.0792801276015143,20.186978389432376,9.0,0.5555555555555556
135865,Cash loans,F,N,Y,0,270000.0,151173.0,15619.5,130500.0,Unaccompanied,Pensioner,Secondary / secondary special,Married,House / apartment,0.02461,20566,365243,-10072.0,-3373,,1,0,0,1,1,0,,2.0,2,2,WEDNESDAY,17,0,0,0,0,0,0,XNA,,0.6477620570627296,0.5460231970049609,0.0062,0.0,0.9563,0.4016,0.0104,0.0,0.0345,0.0,0.0417,0.0794,0.005,0.0063,,0.0,0.0063,0.0,0.9563,0.425,0.0105,0.0,0.0345,0.0,0.0417,0.0812,0.0055,0.0066,,0.0,0.0062,0.0,0.9563,0.4096,0.0105,0.0,0.0345,0.0,0.0417,0.0808,0.0051,0.0064,,0.0,reg oper account,terraced house,0.0107,Wooden,No,0.0,0.0,0.0,0.0,-1290.0,0,0,0,0,1,0,0,0,0,0,0,0,0,0,0,0,0,0,0,0,0.0,0.0,0.0,0.0,0.0,5.0,0.5599,0.05785,0.10332202178960528,17.75955460468735,4.0,1.0
141329,Cash loans,M,Y,N,0,112500.0,422802.0,33534.0,373500.0,Unaccompanied,Working,Secondary / secondary special,Married,House / apartment,0.0228,15105,-2081,-6456.0,-4787,2.0,1,1,0,1,0,0,Laborers,2.0,2,2,THURSDAY,10,0,0,0,0,1,1,Business Entity Type 2,0.2507325435579176,0.3931458758433113,0.7338145369642702,,,,,,,,,,,,,,,,,,,,,,,,,,,,,,,,,,,,,,,,,,,,,,,,2.0,0.0,2.0,0.0,-645.0,0,1,0,0,0,0,0,0,0,0,0,0,0,0,0,0,0,0,0,0,0.0,0.0,0.0,0.0,1.0,0.0,3.75824,0.29808,0.07931372131636084,-0.13776895067858325,1.0,1.0
